BusinessNum,agentName,applicantName,applicationDate,applicationNumber,classificationCode,registrationNumber,title
1051505526,,,,,,,
2118603748,['서병령'],['주식회사 신정에스앤더블유'],2011-01-12,4020000000000.0,['19'],4010000000000.0,Rustic View
5368103050,['남진우'],['주식회사 브이에스컴퍼니'],2021-05-10,4020000000000.0,['09'],,케이엠
3268803610,['특허법인더웨이브'],['(주)굿즈컴퍼니'],2022-05-09,4020000000000.0,['38'],,거북이클럽
2208602238,,['주식회사 메타씨티'],2006-12-15,4120000000000.0,['38'],,엠포스
2068600943,,['주식회사 한국생활건강'],2018-03-27,4020000000000.0,"['05', '29']",,paleo SUPER FOOD HEMP OIL PALEO SUPER FOOD
6748104025,['최승욱'],['(주)메타몰프'],2018-06-19,4020000000000.0,['40'],4010000000000.0,Morpware
5028104667,"['최영규', '장순부']",['주식회사 우일기업'],2006-09-19,4120000000000.0,['36'],,(주)우일기업
6138100392,['양재욱'],['디엘건설 주식회사'],2013-07-05,4020000000000.0,['31'],4010000000000.0,SAMHO
2148100999,"['유미특허법인', '김원호']",['주식회사 시공사'],1999-12-09,4020000000000.0,['16'],4000000000000.0,카사데코 CASADECO
6228106721,['이상진'],"['성원건설(주)', '성원산업개발(주)']",2003-08-08,4120000000000.0,['36'],4100000000000.0,상떼뷰리젠시
8388703264,['최경수'],['에이원종합건설(주)'],2002-10-21,4120000000000.0,"['36', '37']",4100000000000.0,에이원종합건설 AONE
4028109789,['방상호'],['성우건설 주식회사'],2013-04-26,4120000000000.0,['36'],4100000000000.0,미래아트
4091804389,"['양영준', '이길상']",['진흥기업주식회사'],2008-03-20,4020000000000.0,['33'],,더루벤스 THE RUBENS
3738107789,['이민웅'],['두산건설 주식회사'],2003-04-23,4120000000000.0,['36'],,We've POSEIDON Golden Bridge
6528706526,['특허법인 누리'],['한국통합민원센터 주식회사'],2021-11-30,4020000000000.0,['09'],,슬기로운지하철생활
4708604376,['서동원'],['주식회사 진스엠파워'],2020-10-13,4020000000000.0,['41'],4020000000000.0,이엠파워 이너피트니스
2118702099,,['주식회사 아메바컬쳐'],2018-01-19,4020000000000.0,['25'],4010000000000.0,Act made
5868103558,['구공호'],['주식회사 컬처웨이'],2019-03-12,4020000000000.0,['41'],,빅게임헌터
2208803433,['황보의'],['매드스퀘어 주식회사'],2022-04-12,4020000000000.0,['35'],,CHIYOU
8204409316,['구기완'],['주식회사 아이티라인'],2004-08-20,4120000000000.0,['43'],4100000000000.0,칠십팔번지 78 ON THE RISE
6168607659,,['제주동백 주식회사'],2017-01-28,4020000000000.0,['43'],,카멜리아 Camellia
2138601148,,['주식회사 지오소프트'],2000-03-08,4120000000000.0,['42'],,[주]지오소프트
4178103172,['특허법인아주'],['창성건설 주식회사'],2021-04-30,4020000000000.0,['36'],4020000000000.0,비디에이치 BDH
2110605903,['황보의'],['주식회사 하이브'],2012-07-19,4020000000000.0,['25'],,
4668601446,['오종환'],['주식회사 에이원'],2008-07-21,4020000000000.0,['05'],,데오레쉬
5940900141,,['주식회사 모아'],2021-01-19,4020000000000.0,['41'],,moa FUTURE
6968606032,['특허법인 웰'],['성원건설(주)'],2002-04-29,4020000000000.0,['24'],4010000000000.0,Geo Tube
4728601627,['특허법인비엘티'],['주식회사 브로나인'],2022-04-15,4020000000000.0,['35'],,리사이클리 RECYCLY
6998100589,['박영롱'],['주식회사 더식스데이'],2017-09-22,4020000000000.0,['18'],,DOLOBOX
8138100244,,['아하플래닛 주식회사'],2018-02-22,4020000000000.0,['29'],,엘카바 Elcava
2248105652,['이상진'],"['성원산업개발(주)', '성원건설(주)']",2003-08-08,4120000000000.0,['36'],4100000000000.0,상떼몰
4168105788,,['(주)신원종합건설'],2005-09-28,4020000000000.0,['25'],,ARSIS
8608109846,['황보의'],['주식회사 에이치앤'],2022-05-19,4020000000000.0,['21'],,
3758609390,,['주식회사 엠제이건설'],2003-09-08,4120000000000.0,['37'],4100000000000.0,마르세움
6648107814,,['주식회사 아이티에듀고'],2018-12-05,4020000000000.0,['09'],,착!찾던 교육 과정을 한 곳에서 쉽게 검색하GO
7838500073,['유미특허법인'],['에스케이 주식회사'],2011-08-17,4120000000000.0,['36'],,SK univers
6158108442,,['주식회사 대성종합건설'],1997-07-23,4020000000000.0,['045'],,리온클럽 RIONCLUB
8108604531,['이용하'],['주식회사 마더테란'],2016-01-13,4020000000000.0,['09'],,Mother Teran
2068106589,,['(주)비즈아이솔루션'],2007-01-10,4020000000000.0,['09'],,eBill-Center
6118108886,['특허법인 신세기'],['대방건설 주식회사'],2005-05-06,4120000000000.0,['36'],,NOBLE LAND
5998108939,,['주식회사 아이트로'],2018-05-28,4020000000000.0,"['38', '39', '42']",4010000000000.0,(주)아이트로
3978603156,['특허법인키'],['주식회사 넥스트도어'],2021-10-05,4020000000000.0,['43'],,한탕할까
2148601921,"['조민정', '이대호', '박건홍']",['(주) 패션플러스'],2018-05-10,4020000000000.0,['18'],,Peace of Antarctica
6128102788,"['김도윤', '최선수']",['신라산업주식회사'],2001-06-14,4020000000000.0,['28'],,Medalist #1 Bag in golf
4168104642,['안경주'],['삼구건설 주식회사'],2014-12-02,4120000000000.0,['36'],4100000000000.0,트리니엔 뷰
3038100130,['박영순'],['주식회사 우진'],1998-09-24,4020000000000.0,['09'],4000000000000.0,MAGICLAMP
2218101127,['정문영'],['주식회사 정한'],1994-11-12,4020000000000.0,['19'],4000000000000.0,몰라이트 MORLITE
2118802259,['김성헌'],['주식회사 매드맨포스트'],2015-07-31,4120000000000.0,['41'],,MADMAN POST
6548608600,,['신영전기주식회사'],1980-04-11,4020000000000.0,['053'],4000000000000.0,신영전기주식회사 신영전기주식회사 SHINYEONG ELECTRIC CORPORATION
7578604646,['특허법인우인'],['주식회사 커넥서스컴퍼니'],2021-07-02,4020000000000.0,['35'],,프롬 자연토종꿀
6128104657,['남상선'],['주식회사 위메이드'],2008-06-10,4120000000000.0,['41'],,we made FOX
6320100043,['박영순'],['주식회사 우진'],2002-11-12,4120000000000.0,['42'],4100000000000.0,(주)우진 메트로 텍
2118703150,,['네티브 주식회사'],2016-11-04,4020000000000.0,['28'],4010000000000.0,보글젤 Boglegel
2648109907,['(유)한양특허법인'],['주식회사 스카이오토넷'],2021-12-09,4020000000000.0,['38'],,SeDA
2148806978,['특허법인지명'],['(주)코아시아'],2008-06-20,4120000000000.0,['36'],4100000000000.0,Mobile Station
2648105504,,['(주)세상을 바꾸는시간 15분'],2018-08-16,4020000000000.0,"['35', '38', '41']",4010000000000.0,성장문답
8458104044,['구공호'],['주식회사 테크스페이스'],2020-03-13,4020000000000.0,['09'],4020000000000.0,콜록콜록마스크
3488605545,['구공호'],['주식회사 피드인터내셔널'],2020-01-17,4020000000000.0,['35'],,하이츠 HEIGHTS
7378108023,['전상구'],['주식회사 올링크'],2020-12-04,4020000000000.0,['36'],,
6618603662,['구공호'],['주식회사 엘박스'],2019-08-08,4020000000000.0,['35'],4020000000000.0,엘박스 LBOX
8148101054,['특허법인엠에이피에스'],['주식회사 미식의시대'],2020-01-22,4020000000000.0,['43'],4020000000000.0,미식의 시대
5060200455,['이정익'],['주식회사 제일'],2016-01-07,4020000000000.0,['25'],4010000000000.0,Enak
6818806095,['이원희'],"['주식회사 티에스푸드앤시스템', '대한제당 주식회사', '대진유니텍주식회사', '주식회사유피테크', '주식회사 티에스센트릭', '주식회사 티에스건설', '주식회사티에스개발', '주식회사 바론즈인터내셔널']",1995-04-26,4120000000000.0,['39'],4100000000000.0,TS
4688101429,,['주식회사 지오비전'],2022-01-20,4020000000000.0,['42'],,ZioVIS
5158100601,['특허법인 이노'],['주식회사 다운'],2020-06-16,4020000000000.0,"['07', '09']",4020000000000.0,데어리봇 Dairy Bot
6818100057,['김준수'],['주식회사 케이씨'],2013-10-18,4020000000000.0,['09'],,CATHSYS
8738103817,['제일특허법인(유)'],['주식회사 하이브'],2021-12-09,4020000000000.0,['35'],,I · I
6118105148,['황광현'],['동남기업 주식회사'],1994-07-09,4020000000000.0,['010'],,Febflow
4159007079,,['주식회사동아일보사'],1985-01-29,4020000000000.0,"['09', '16']",4000000000000.0,소년동아일보
3368601390,['특허법인(유한) 대아'],['굿어스스마트솔루션 주식회사'],2016-10-21,4020000000000.0,['09'],4010000000000.0,GICS
3018109288,['김순웅'],['주식회사 신성이엔지'],2019-03-26,4020000000000.0,['11'],,센터청정기술
6078506473,['김영옥'],['주식회사 글로벌엔씨'],2010-06-24,4020000000000.0,['07'],4010000000000.0,글로벌엔씨 GNC
5040700038,,['주식회사 우진'],1996-04-12,4020000000000.0,['003'],,참맛
2998606984,['해움특허법인'],['주식회사 원티드랩'],2021-11-25,4020000000000.0,['09'],,wanted space
6778607024,['특허법인아주'],['(주)이컴코리아'],2017-02-09,4020000000000.0,['25'],4010000000000.0,ALX
2248100078,"['이은철', '석기철']",['주식회사 이레'],2016-08-01,4020000000000.0,['03'],4010000000000.0,다모세라 DAMOSERA
8108805682,,['(주)신원종합건설'],2005-09-28,4120000000000.0,['36'],4100000000000.0,ARSIS
5028606489,,['(주)선우산업개발'],2021-11-16,4020000000000.0,['05'],,더 리 콜라게놀 엠에스엠 The Lee Collagenol MSM
5038108361,"['최규성', '홍성일']",['하이네트(주)'],2010-11-18,4520000000000.0,"['28', '42']",,HIT Six-pack
5108107146,,['대연종합건설(주)'],2006-11-15,4120000000000.0,['37'],4100000000000.0,LSD
3948808496,"['정중원', '이명택', '최지연']",['주식회사 넥스디네트웍스'],2017-07-28,4020000000000.0,['09'],4010000000000.0,포스트팩토리
2258106950,"['김수진', '윤의섭']",['(주)가온'],2013-04-08,4020000000000.0,['03'],4010000000000.0,Queen's Key
4428102787,['전현철'],['주식회사 성원이엔씨'],2018-04-02,4020000000000.0,"['06', '19', '20']",4010000000000.0,iAAN
8261900715,['특허법인태백'],['에이원(주)'],2021-03-09,4020000000000.0,['35'],,A1
3608601018,['안영길'],['주식회사 시스기어'],2018-03-26,4020000000000.0,['09'],,HASHABYSS
2118702098,['이용하'],['주식회사 지에프티'],2020-12-01,4020000000000.0,['38'],4020000000000.0,ICANSTOCK
2658603471,,['주식회사 에이치에스이'],2020-12-11,4020000000000.0,['11'],,HSE Plasys
2118607440,['청운특허법인'],['주식회사 오더스상사'],2010-08-31,4020000000000.0,['01'],,에코텍 ecotec
2118606514,['해움특허법인'],['(주)인터그램'],2017-09-06,4020000000000.0,['21'],4010000000000.0,chicochica
4878105905,,['주식회사 명도'],1999-03-04,4020000000000.0,['06'],,Master Manufacturers M
5038101107,"['박형준', '황이남']",['신화정보시스템 주식회사'],1999-08-19,4120000000000.0,['36'],,IC MART
4188101788,,['주식회사 나우리'],2007-07-20,4520000000000.0,"['05', '09', '35']",,아이모아 EYEMOA
4168106083,['최경수'],['주식회사 에스엘건설'],2016-07-08,4120000000000.0,"['36', '37']",4100000000000.0,하이노블 HINOBLE
2098704556,['구공호'],['주식회사 플라잉캣'],2021-04-05,4020000000000.0,['09'],,타이탄트 TITANT
2148803179,,['주식회사 케이네트'],1997-02-28,4120000000000.0,['107'],,OOMPH!
2208100623,,['주식회사 미디어채널'],2004-07-30,4120000000000.0,['35'],4100000000000.0,랭키닷컴 Rankey
2218102858,['김미성'],['현대아산 주식회사'],2021-06-18,4020000000000.0,['37'],,프라힐스
6228805578,['정재권'],['주식회사 타르트'],2021-10-12,4020000000000.0,"['35', '36']",,PRAP
5118100260,,['주식회사 이레'],1992-12-22,4020000000000.0,['026'],4000000000000.0,
2208100374,,['도원닷컴 주식회사'],2003-01-03,4120000000000.0,['38'],,PATZINE
5210805515,['노장오'],['주식회사 블루원'],2016-05-20,4120000000000.0,['41'],4100000000000.0,블루랜드 Blueland
8688801046,['백문구'],['주식회사 대한'],1983-07-23,4020000000000.0,['037'],,올시즌 ALL SEASON
2248100077,['박영순'],['주식회사 우진'],2002-11-12,4120000000000.0,['42'],,"Metro Tech Co., Ltd."
2258100356,['이수웅'],"['디엘 주식회사', '대림통상 주식회사', '대림엔지니어링 주식회사', '(주)삼일씨엔에스', '대림흥산 주식회사', '디엘모터스 주식회사', '대림비앤코주식회사']",1990-01-24,4020000000000.0,['046'],4000000000000.0,대림 대림 DAELIM
2298108482,['백영방'],['대영산업 주식회사'],1978-06-08,4020000000000.0,['038'],4000000000000.0,"대영산업주식회사 대영산업주식회사 DAE YOUNG INDUSTRIAL CO., LTD."
2118804586,['최정호'],['주식회사 디자인디렉터그룹'],2018-07-04,4020000000000.0,['21'],4010000000000.0,MOASTYLE
2138109350,,['맥슨씨아이씨 주식회사'],2000-02-08,4020000000000.0,['09'],4000000000000.0,SmartSync
7738101572,"['나성곤', '오위환', '정기택']",['주식회사 휴마트컴퍼니'],2021-11-23,4020000000000.0,['04'],,Trost.
2558803165,['윤정섭'],['주식회사 단색'],2019-06-17,4020000000000.0,"['05', '25']",4020000000000.0,자유팬티
2568100321,"['김윤배', '강철중', '이범일']",['대성홀딩스 주식회사'],2002-03-07,4020000000000.0,['10'],,TERA
2208809905,,['주식회사 조윈'],2022-02-22,4020000000000.0,['35'],,닥터백케어
3548601233,,['주식회사 코어씨앤씨'],2018-07-09,4020000000000.0,['35'],,한국창업경영센터 KSBIZ
2118600445,,['슈어엠주식회사'],2005-07-22,4020000000000.0,['09'],,체크아이 CheckAI
7868700833,['특허법인태백'],['에이원(주)'],2021-03-09,4020000000000.0,['09'],,A1
4828800390,['정용식'],['주식회사 제이토드'],2018-08-24,4020000000000.0,['42'],4020000000000.0,Playtica
7278108001,['특허법인엠에이피에스'],['주식회사 에프티엘'],2016-09-05,4020000000000.0,['42'],4010000000000.0,BIPLUG
2648100500,['특허법인다울'],['주식회사 쓰리디타다'],2015-01-09,4020000000000.0,['09'],,3D TADA
4168105394,,['세진건설(주)'],1998-09-02,4120000000000.0,['37'],,세진 인테리어 INTERIOR
5968703425,['조철현'],['주식회사 현대아이티앤이'],2018-08-21,4020000000000.0,['41'],,VR EX
6159105462,['특허법인 웰'],['(주)천재교육'],2003-11-08,4020000000000.0,['16'],,feeling
5878602511,['해움특허법인'],['주식회사 에어캡'],2018-06-05,4020000000000.0,['41'],4010000000000.0,소녀의 구
5068104731,['특허법인메이저'],['주식회사 제이디웍스'],2016-05-18,4120000000000.0,['35'],4100000000000.0,헤이바바
3478704095,,['(주) 코인스이앤씨'],1997-02-06,4020000000000.0,['033'],,(주)대도 INSU
6132807016,,['(주)한신기업'],2003-02-21,4020000000000.0,['21'],,햇반
4088106413,"['송인호', '윤형근', '최관락']",['영진종합건설 주식회사'],2021-07-12,4020000000000.0,['37'],,위버젠 Uberzen
4178109188,['특허법인 웰'],['성원건설(주)'],2002-04-29,4020000000000.0,['24'],4010000000000.0,Echo Tube
2078501247,['신동기'],['주식회사 한진중공업 홀딩스'],2006-02-28,4120000000000.0,['39'],,한진중공업
5488601227,['특허법인 다해'],['디자인파머스 주식회사'],2018-12-12,4020000000000.0,['35'],4020000000000.0,고투팜
4091905131,,['대신정보통신(주)'],1992-10-12,4120000000000.0,['42'],4100000000000.0,대신정보통신주식회사 DIC
6178101230,,['광진개발 주식회사'],2008-10-31,5620000000000.0,"['36', '37', '39', '42', '43']",,프라임 PRIME
3928802821,,['주식회사 가연환경디자인'],2020-01-09,4020000000000.0,['11'],,스마트 그린 오피스 SMART GREEN OFFICE
4180707515,,['채움 주식회사'],2012-11-20,4020000000000.0,['05'],4010000000000.0,휴롬 HUROM
7827000373,['고승호'],['디 케이 주식회사'],1998-10-17,4020000000000.0,['09'],4000000000000.0,VSK
5283401113,['백문구'],['주식회사 대한'],1983-07-23,4020000000000.0,['037'],,사계절
5048101602,"['윤형근', '최관락', '송인호']",['영진종합건설 주식회사'],2021-07-12,4020000000000.0,['36'],,위버젠 Uberzen
6258106030,['박태우'],"['(주)모아주택산업', '모아건설산업(주)', '덕평산업개발(주)']",2006-05-11,4120000000000.0,"['36', '37', '43']",4100000000000.0,엘가
8408801433,['송정부'],['주식회사 비모뉴먼트'],2020-12-30,4020000000000.0,['05'],,d'Alba One Day One Collagen
7598805265,['이철희'],['다임리서치 주식회사'],2020-06-11,4020000000000.0,['09'],4020000000000.0,협업지능
2138600362,,['주식회사 엔지스테크널러지'],2002-03-28,4020000000000.0,['09'],,SpatialView
2118807511,,['주식회사 블루데이타시스템즈'],2021-04-23,4020000000000.0,['35'],,지금사
5038603753,['최훈'],['주식회사 명신개발'],2016-10-24,4020000000000.0,['45'],,힐예식장
2348109187,['특허법인더웨이브'],['주식회사 송강인터내셔날'],2021-01-28,4020000000000.0,['25'],,PLEATSMOM
4171305136,['김영호'],['한국전자(주)'],1999-09-07,4020000000000.0,['09'],,I-pager
4798109031,,['주식회사 마스터비디'],2017-03-17,4020000000000.0,['42'],,Tick password
6178600287,['특허법인위더피플'],['(주)셀리버리'],2022-01-06,4020000000000.0,['21'],,Cellivery
2122008844,['이병호'],['한국전화번호부 주식회사'],2002-11-15,7120000000000.0,['35'],,인포텔
2128101093,['심달회'],['주식회사 라온즈'],2021-06-03,4020000000000.0,"['03', '35']",,위드시어
2868800206,['백승엽'],['주식회사 텐덤'],2021-11-12,4020000000000.0,['35'],4020000000000.0,커리어월렛
3268800265,['양재욱'],['디엘건설 주식회사'],2013-07-05,4120000000000.0,['37'],,SAMHO
8368803963,"['박영롱', '이태규']",['주식회사 에이비씨'],2020-07-16,4020000000000.0,['35'],,가나다라마스크
5138100126,['특허법인로얄'],['주식회사 가온'],2014-12-15,4020000000000.0,['30'],4010000000000.0,KOBEANS Korean Hand made caffe beans A wind blew in from the sea
2268807852,['안영길'],['주식회사 세븐플로어'],2016-12-08,4020000000000.0,"['35', '37']",4010000000000.0,지오릴라
4328106318,,['주식회사 에스엘디'],2018-04-24,4020000000000.0,['37'],4010000000000.0,(주)썬랩 SL SUNLAB [신재생에너지 연구소]
5438700858,['김명진'],['주식회사 핏펫'],2020-03-06,4020000000000.0,['21'],,FitPet
5028501397,['신관호'],['존슨콘트롤즈인터내셔널코리아 주식회사'],1994-08-03,4020000000000.0,['036'],,HI-PROTEC
3958805427,['특허법인세움'],['주식회사 커넥트히어로'],2021-04-29,4020000000000.0,['35'],,지금마켓
2243705484,['옥세열'],['(주)아폴론'],2017-09-04,4020000000000.0,['10'],4010000000000.0,Z-BAS
2118700140,['특허법인 무한'],['(주)디스트릭트홀딩스'],2010-08-27,4520000000000.0,"['09', '35', '38']",4500000000000.0,stikus
7828102543,['양두열'],['주식회사 큐픽스'],2019-11-12,4020000000000.0,['09'],4020000000000.0,cupix
3388103315,['안영길'],['동문건설 주식회사'],2016-07-14,4120000000000.0,['37'],4100000000000.0,MOM PALACE
2128107296,['전상윤'],['스피나 시스템즈 주식회사'],2005-12-08,4020000000000.0,['09'],4010000000000.0,HomeLux
8928701929,['김종국'],['주식회사 태석광학'],2016-06-27,4020000000000.0,['09'],4010000000000.0,서포트 라이트
7188807709,"['안영백', '이병택', '강정만']",['(주)이엘라이즈'],2021-12-07,4020000000000.0,['11'],,솔미네부엌
2258108321,['이상진'],"['주식회사 성원상떼발리휘트니스클럽', '성원개발 주식회사', '성원건설(주)', '주식회사 상떼힐']",2005-10-05,4120000000000.0,['41'],,상떼
5248607315,,['에이스건설 주식회사'],2014-04-07,4120000000000.0,['37'],4100000000000.0,ACE COUNTY
5018100916,,['주식회사데이타콤'],1985-10-18,4020000000000.0,['039'],4000000000000.0,DC-1200
2208108474,['이철'],['에스케이 주식회사'],1988-07-28,4020000000000.0,['040'],,
8998803795,,['주식회사 에이아이스페라'],2020-06-22,4020000000000.0,['42'],4020000000000.0,파이텍션
2200404339,['특허법인 이노'],['주식회사 에이원'],2015-04-22,4020000000000.0,['21'],4010000000000.0,dotting dot+color+unique
3778701681,['특허법인 아이피에스'],['주식회사 픽셀스코프'],2021-12-01,4020000000000.0,['09'],4020000000000.0,픽셀캐스트
2152102396,"['김창세', '안상배']",['에스케이텔레콤 주식회사'],1997-09-08,4020000000000.0,['051'],4000000000000.0,
3718100551,['류승민'],['(주)에이티소프트'],2019-01-17,4020000000000.0,"['09', '41', '42']",4020000000000.0,eDot
2118706008,['특허법인 하나'],['주식회사 윤디자인그룹'],2015-11-06,4120000000000.0,['45'],4100000000000.0,Group Y
7388709177,['이춘희'],['주식회사 태성정보통신'],2001-06-20,4020000000000.0,['18'],,비바지 VIVAJI
2648103169,['안영길'],['(주)렉시아'],2016-08-24,4120000000000.0,['35'],,SLOWORKER
2158609477,['이정익'],['(주)한국풀네트웍'],2005-01-13,4020000000000.0,['20'],4010000000000.0,"(주)한국풀네트웍 KPN Korea Pool Network Co., Ltd."
8378100328,['이지연'],['주식회사 엠블럭'],2020-06-12,4020000000000.0,['09'],,디지택트 Digitact
4018104215,['김영환'],['주식회사 디앤씨테크'],2000-09-26,4120000000000.0,['42'],4100000000000.0,DNC TECHNOLOGY
8288109212,['황이남'],['주식회사 에프티브로'],2020-06-18,4020000000000.0,['35'],,국대폰
2208205880,['윤경현'],['정보통신산업진흥원'],2010-05-06,4220000000000.0,,4200000000000.0,RUC
5038102540,"['이병택', '강정만', '안영백']",['동우건설(주)'],2021-01-29,4020000000000.0,['36'],,
6070206720,['남호현'],['광진개발 주식회사'],2008-06-25,4020000000000.0,['22'],4010000000000.0,Prime
4188107205,,['우진건설주식회사'],2015-04-09,4120000000000.0,['37'],4100000000000.0,
3348602491,['특허법인태평양'],"['에이치디씨현대산업개발 주식회사', '에이치디씨 주식회사']",2020-07-21,4020000000000.0,['35'],4020000000000.0,H.ONE
2102408281,['장순호'],['주식회사 제일기획'],1994-08-11,4020000000000.0,['052'],4000000000000.0,Q CHANNEL
6218100467,"['문기상', '조기호']",['네오건설 주식회사'],1997-12-26,4020000000000.0,['010'],4000000000000.0,FRPSHEET
4848106147,['전승준'],['(주)더파란'],2020-08-05,4020000000000.0,['35'],4020000000000.0,파란위노 마스크
4478800496,['특허법인알피엠'],['주식회사 루트소프트'],2022-02-08,4020000000000.0,['09'],,포도팜 PODOFARM
4028602859,,['에코시스텍(주)'],2019-11-06,4020000000000.0,['09'],,NOVA prime
2208602749,['오세계'],['주식회사 중해건설'],2015-10-12,4120000000000.0,['37'],4100000000000.0,마루힐 MARU HILL PREMIUM
4108701422,['정성진'],['(주)디에스랩컴퍼니'],2021-12-31,4020000000000.0,['09'],,CYTUR
2200604094,['특허법인다울'],['주식회사 제이와이피'],2009-11-02,4020000000000.0,['03'],4010000000000.0,2PM
4168105134,['이재정'],"['다울이엔씨(주)', '정동수']",2006-04-25,4020000000000.0,['09'],4010000000000.0,SUNEVER
6818604335,['해움특허법인'],['(주)샐러디'],2022-01-26,4020000000000.0,['32'],,샐러디키친
2248106983,['김수호'],['대성에코텍 주식회사'],2020-04-15,4020000000000.0,"['36', '45']",4020000000000.0,DSE
4118100655,['이광의'],"['주식회사 모아', '노길형']",2002-01-22,4020000000000.0,['29'],,DNJ
5048107742,['김순웅'],['주식회사 신성이엔지'],2020-05-22,4020000000000.0,['11'],4020000000000.0,Pure Closet
5428102825,"['특허법인 다해', '엄명용']",['주식회사 아워스포츠네이션'],2022-01-18,4020000000000.0,['38'],,LET US.GG
8028805266,['황영익'],['주식회사 공감'],2017-08-22,4020000000000.0,['35'],4010000000000.0,Any Mall Mart
2208100768,['황종환'],['주식회사 비트컴퓨터'],2000-01-28,4120000000000.0,['37'],,비트
8168601474,['김중효'],['주식회사 한줌'],2016-09-26,4020000000000.0,['42'],4010000000000.0,뽀바조
2118804415,"['허성원', '이동욱', '서동헌']",['주식회사 사이버다임'],2011-01-21,4120000000000.0,['42'],4100000000000.0,Cyberdigm
5148105976,,['대상건설 주식회사'],2009-06-11,4120000000000.0,['37'],,파크인 PARKiN
2298004534,['특허법인필앤온지'],['한국정보공학 주식회사'],2019-09-25,4020000000000.0,['09'],4020000000000.0,데이터웨이브
2168709940,,['주식회사 다움'],2020-02-11,4020000000000.0,['05'],,자왕
3238608358,['서상욱'],['에스엔엠 주식회사'],1999-11-11,4120000000000.0,['35'],,S&M
7872806097,['해움특허법인'],['투썸플레이스 주식회사'],2019-09-20,4020000000000.0,['30'],4020000000000.0,a LIST A TWOSOME PLACE
4188100182,"['윤재석', '한지희', '권영규']",['주식회사 부강테크'],2008-02-11,4120000000000.0,['40'],4100000000000.0,더 맑은 세상을 향한 도전 Boo-Kang Tech
8538705686,['특허법인 신세기'],['(주)디에스솔루션즈'],2016-04-12,4120000000000.0,['38'],4100000000000.0,V VITAPAY
2138600486,,['삼정데이타서비스 주식회사'],2004-11-16,4120000000000.0,"['35', '37', '41', '42']",,SAMJUNG DATA SERVICE
2208106750,,['광명통신안전주식회사'],2003-05-29,4020000000000.0,['09'],,광명통신안전주식회사
4108609163,['백홍기'],['주식회사 성한'],1999-03-04,4120000000000.0,['37'],,크린클럽 CLEAN CLUB
5384107388,['김하기'],['(주)제이앤제이'],2009-05-20,4020000000000.0,['28'],4010000000000.0,FireBall
2648101945,['김종국'],['투빗(주)'],2015-10-06,4120000000000.0,['41'],,JUMPYHYAN
2628101173,,['주식회사 휴머스'],2000-10-20,4020000000000.0,['28'],,K.DRAFT
4598801347,['배용철'],['주식회사 센시'],2012-11-13,4020000000000.0,['09'],,온도기술
5141305667,['이덕록'],['이상란'],1999-10-06,4020000000000.0,['20'],,파란나라
8448106864,['정문영'],['대보건설 주식회사'],2007-01-19,4120000000000.0,"['36', '37']",4100000000000.0,아르미소 ARMISO
2618100433,['해움특허법인'],['주식회사 레뷰코퍼레이션'],2017-01-11,4020000000000.0,['35'],4010000000000.0,위블
2158709656,['강민기'],['주식회사 플리토'],2013-07-08,4120000000000.0,"['35', '41']",4100000000000.0,flitto
7048800645,['박정호'],['주식회사 아이디알시스템'],2021-07-15,4020000000000.0,['07'],,"(주)아이디알 시스템 IDEAL SYSTEM CO., LTD."
2158103075,,['주식회사 에스비에스미디어넷'],2020-01-28,4020000000000.0,['35'],,RENTAL FESTA
6108104155,['손해운'],['원진산업 주식회사'],1978-09-20,4020000000000.0,['045'],4000000000000.0,에버트
5068100403,['특허법인 이노'],['주식회사 에이원'],2018-08-03,4020000000000.0,['12'],4020000000000.0,니도 Nido
4138807623,['김영철'],['주식회사 아이피씨파트너스'],2020-04-02,4020000000000.0,['35'],4020000000000.0,
5948107585,,['주식회사 제이티웍스'],2004-05-22,4020000000000.0,['25'],4010000000000.0,
2208800780,['강정만'],['주식회사 빗썸코리아'],2018-01-09,4020000000000.0,['36'],4020000000000.0,bithumb
3353300216,['유미특허법인'],['세종텔레콤 주식회사'],2007-07-30,4120000000000.0,['38'],4100000000000.0,Onse
5142606552,['손해운'],"['원진산업 주식회사', '원진레이온주식회사']",1976-12-04,4020000000000.0,['021'],4000000000000.0,
2248603194,['조희원'],['금강종합건설(주)'],2006-02-27,4120000000000.0,['37'],4100000000000.0,빅스 VICCX
4218600156,"['김용인', '박영복']",['주식회사 라온테크'],2012-01-09,4520000000000.0,"['07', '09', '35', '37', '39']",4500000000000.0,RaOn Tech
4718800429,,['주식회사 메디치소프트'],2022-03-08,4020000000000.0,['42'],,이지 AI 안면인식
2918107656,['특허법인 신지'],['주식회사 에스브이에스'],2014-03-31,4120000000000.0,['36'],,SVS
5892400040,['김영철'],['주식회사 우진'],2000-11-18,4020000000000.0,['30'],,인삼 한 입 쿠키
6088100035,,['(주)우진'],2009-03-23,4020000000000.0,['07'],,Mixings
4348606211,['정태영'],['주식회사 모아이게임즈'],2018-01-23,4020000000000.0,['38'],4010000000000.0,TRAHA
2208808818,['김종화'],"['주식회사 나인위시스 (9wishes Co.,Ltd.)']",2013-04-22,4020000000000.0,['03'],4010000000000.0,나인위시스 배니싱 밤 ninewishes vanishing balm 9wishes vanishing balm
5618707012,,['주식회사 의식주컴퍼니'],2018-06-11,4020000000000.0,"['03', '09', '35', '37', '39', '42', '43', '45']",4010000000000.0,LIFE GOES ON
2248106285,,['요진건설산업 주식회사'],1994-12-14,4120000000000.0,['104'],4100000000000.0,요진산업주식회사 YOJIN CONSTRUCTION & ENGINEERING
7048100667,['김희소'],['코드코스메인터내셔널(주)'],2017-09-15,4020000000000.0,['03'],,문샷 젤리 팟 지04 스핀 스피릿 moonshot jelly pot g04 spin spirit
2118101308,,['(주)티앤아이미디어'],2006-01-05,4120000000000.0,['35'],4100000000000.0,SANGLIM
8388801195,['곽영목'],['주식회사 클라우시스'],2019-03-19,4020000000000.0,['09'],,ASL INTERCOM
5048600163,['인비전 특허법인'],['주식회사 아이티엘'],2017-05-04,4020000000000.0,['42'],,TimeNut
4458709839,['백홍기'],['주식회사 라온제나'],2015-04-01,4020000000000.0,['29'],,수&Slim 수앤슬림
2090807697,['해움특허법인'],['주식회사 휴런'],2020-01-29,4020000000000.0,['10'],4020000000000.0,mPDia
3268607435,['이창민'],['주식회사 트레바리'],2022-04-11,4020000000000.0,['38'],,TPTP
5038104818,['김하기'],['대덕건설 주식회사'],2008-04-07,4120000000000.0,['36'],4100000000000.0,리치아노 R RichonoR
4548607870,"['조한용', '임창기']",['보광산업개발주식회사'],2003-04-16,4020000000000.0,['12'],4010000000000.0,녹색지대 GREEN ZONE
6828705739,['특허법인 웰'],['대원종합건설(주)'],2002-04-11,4120000000000.0,['37'],,네스트 빌 Nest Vill
5024000949,['김두호'],['(주)아이디'],2012-11-15,4020000000000.0,['09'],4010000000000.0,"IED CO.,LTD."
2118604301,"['감동훈', '윤병삼']",['(주)신한종합건설'],2005-02-04,4120000000000.0,['42'],4100000000000.0,아크온건설 ARCKON
3328800498,['양재욱'],['디엘건설 주식회사'],2013-07-05,4120000000000.0,['37'],,삼호
2788102428,['박수조'],['주식회사 소더코드'],2019-11-28,4020000000000.0,['11'],4020000000000.0,co code
5150709612,"['윤의섭', '김수진']",['(주)드림넷'],2012-11-14,4020000000000.0,['29'],,조이 & 쿠킹 Joy&cooking
8438104043,,['(주) 아이원'],2002-10-08,4120000000000.0,['37'],,아이원디자인
2128100767,['특허법인 충무'],['(주)빌리언이십일'],2018-03-22,4020000000000.0,['09'],4010000000000.0,양식장 wish
2118600619,['반중혁'],['주식회사 아이센트'],2016-06-22,4020000000000.0,['09'],,iCent IP Convergence Technology Leader i-Saver
8071600032,['손은진'],['주식회사 엘에스'],2001-01-09,4020000000000.0,['09'],4010000000000.0,F-CW
3768702930,['특허법인엠에이피에스'],['주식회사 엠비치오넴'],2020-06-17,4020000000000.0,['43'],4020000000000.0,philosociety
5901609169,,['성진산업주식회사'],1974-05-25,4020000000000.0,['016'],4000000000000.0,SUNG JIN
4258803890,['신기현'],['주식회사 에너지밸런스'],2022-03-14,4020000000000.0,['41'],,Aimee
5048500093,['이정연'],['(주)애니캐스팅'],2019-11-11,4020000000000.0,['07'],4020000000000.0,AnyCasting
4128105602,"['권혁수', '임창현']",['화성건설(주)'],2002-12-18,4120000000000.0,['37'],4100000000000.0,라온빌 raon vill
4048804109,['백건수'],['주식회사 티에스건설'],1998-01-20,4120000000000.0,['104'],4100000000000.0,TECHNOS
6052001177,['이병균'],"['최홍식', '주식회사 모아']",2000-05-19,4020000000000.0,['29'],4010000000000.0,김치바이오젠 KIMCHI BIOGEN キムチ バイオゼン
8208103518,,['주식회사 유니코아'],2021-09-30,4020000000000.0,['09'],,와따 Wadda
7633708375,['황이남'],['주식회사 비에이치씨'],2014-06-24,4120000000000.0,['43'],4100000000000.0,HALF MOON CRAFT BEER & CALZONE
2148101693,['이민웅'],['주식회사 미래엔'],2003-05-20,4020000000000.0,['16'],4010000000000.0,iseum
7248809346,['구공호'],['주식회사 나이비'],2020-05-04,4020000000000.0,['09'],,흐으름
4138701482,['김민규'],['주식회사 정석산업'],2020-03-17,4020000000000.0,"['25', '28']",,OWN HERO BE YOUR OWN HERO
4088103498,"['구영회', '구공호']",['주식회사 신화종합건설'],2020-03-18,4020000000000.0,['36'],4020000000000.0,오르비제 빌리지
7020602393,['신동준'],['삼일산업 주식회사'],1996-07-11,4020000000000.0,['09'],4000000000000.0,SMF
6211805277,,['에스엘 주식회사'],2007-01-31,5020000000000.0,"['07', '12']",4000000000000.0,KDS
2218100169,"['김현철', '이상호']",['주식회사 신원'],1997-06-12,4020000000000.0,['025'],,제킨
7158106892,['정규호'],['주식회사 세누'],2017-05-10,4020000000000.0,['35'],,차칸 SU Cha-Khan
6168105011,['특허법인 웰'],['대원종합건설(주)'],2004-06-23,4120000000000.0,['36'],,대원Noblesse
8838601215,"['김한솔', '김준식', '안제성', '김세환']",['네오사피엔스 주식회사'],2019-04-09,4020000000000.0,['38'],4020000000000.0,고스트스테이션
3832400094,,['주식회사 우진'],1994-08-13,4020000000000.0,['003'],4000000000000.0,JEL-LEE
8808702439,,['주식회사 초록마을'],2018-07-23,4020000000000.0,['30'],,옳은밥상 오늘의식사
2064406972,,['주식회사 에이원'],2010-11-05,4020000000000.0,['30'],,구름 머무는 곳 옹기속
4118106718,['김용효'],"['주식회사 한일', '부운물산 주식회사', '원진산업 주식회사', '주식회사윈스포츠']",1994-12-17,4020000000000.0,['043'],,COWLAND
6151208320,['유미특허법인'],['주식회사 시공사'],2002-03-19,4020000000000.0,['16'],,문학 인
2148600302,['특허법인 두성'],['주식회사 에스에이엠지엔터테인먼트'],2019-01-30,4020000000000.0,['25'],,Follet
4148605369,"['김원호', '유미특허법인']",['삼정종합건설주식회사'],1992-07-02,4120000000000.0,['104'],4100000000000.0,AKOTEK
6691503560,['이병균'],['주식회사 모아'],2000-02-10,4020000000000.0,['29'],4010000000000.0,김치슬림 KIMCHISLIM キムチスリム
7778807028,['서효민'],['주식회사 어헤즈'],2018-07-05,4020000000000.0,['03'],4020000000000.0,AHEADSLHIDDENTHERAPY
4038107153,['특허법인 참좋은'],['주식회사 스마트미디어테크'],2016-11-11,4020000000000.0,['09'],4010000000000.0,야미 냐미
2538602361,['한양특허법인'],['(주)인터비젼'],2020-06-11,4020000000000.0,['09'],,FREEAIR
4031301928,['특허법인성암'],['십일번가 주식회사'],2018-06-08,4020000000000.0,['39'],4010000000000.0,11 ELEVEN STREET
3908802477,['주재연'],['주식회사 유진디랩'],2020-06-10,4020000000000.0,['37'],4020000000000.0,Parco Giochi
8174309718,,['(주) 아이원'],2002-10-08,4120000000000.0,"['35', '38']",,iwon
8428700193,['특허법인테헤란'],['주식회사 솔테크'],2019-07-02,4020000000000.0,['35'],4020000000000.0,SOL SOLCHEMICAL
6211700042,['이영규'],['주식회사 우진'],1990-06-20,4120000000000.0,['110'],4100000000000.0,
2618101544,['특허법인천문'],['주식회사 코인원'],2017-09-26,4020000000000.0,['36'],4010000000000.0,프로차트
7788609266,,['주식회사 트립비토즈'],2020-05-26,4020000000000.0,"['09', '35', '39', '43']",,BTZ
2638604769,['특허법인다래'],['주식회사 호반건설'],2018-01-09,4020000000000.0,['41'],,HOBAN ARTRIUM
2118701271,['특허법인지명'],['(주)엔스퍼트'],2010-08-30,4120000000000.0,['38'],,IDENTITY tab
8458600550,['김중효'],['주식회사 티르티르'],2019-11-25,4020000000000.0,['35'],4020000000000.0,CUREBIOME
2148103035,['신운철'],['아주산업 주식회사'],2011-08-12,4120000000000.0,['36'],4100000000000.0,아주캐피탈 Good +
4028106434,,['미르종합건설(주)'],2014-09-22,4020000000000.0,['01'],,좋은사람 좋은집 조은사람 조은집 아트-View 아트-뷰 ART-뷰 Art-View
4108601211,['김태훈'],['주식회사 부림'],2015-11-19,4120000000000.0,['37'],4100000000000.0,부림
4088601014,['백문구'],['주식회사 대한'],1982-09-29,4020000000000.0,['037'],4000000000000.0,오계절
8798606774,['(유)한양특허법인'],['주식회사 놀이의발견'],2021-02-16,4020000000000.0,['28'],,꿍짝키트
6151206768,"['이재화', '주인중']",['주식회사 팬텀'],1994-11-28,4020000000000.0,['025'],4000000000000.0,프레반 PREVAN
5118100021,['박영순'],['주식회사 우진'],2002-11-12,4120000000000.0,['37'],,"Woojin Metro Tech Co., Ltd."
2298106326,['이정익'],['씨에스정보기술 주식회사'],2000-03-29,4020000000000.0,['09'],4010000000000.0,자녀사랑
4748604349,['이창희'],['주식회사 파고네트웍스'],2019-05-29,4020000000000.0,['09'],,PAGO NETWORKS
4168100103,['인비전 특허법인'],['주식회사 아이티엘'],2017-05-19,4020000000000.0,['05'],,VIECARE
5048102836,,['대상건설 주식회사'],2005-01-06,4120000000000.0,['37'],,대상 DS
6508807397,"['전숙현', '서만규', '서경민']",['주식회사 엔에스엠'],2012-09-07,4020000000000.0,['16'],4010000000000.0,S
2208801541,['송세근'],['주식회사 텐핑'],2021-06-30,4020000000000.0,['30'],,조만태
6088108068,['이원희'],"['주식회사 바론즈인터내셔널', '주식회사 티에스센트릭', '주식회사 티에스건설', '대한제당 주식회사', '주식회사티에스개발', '대진유니텍주식회사', '주식회사 티에스푸드앤시스템', '주식회사유피테크']",1995-04-26,4120000000000.0,"['35', '36', '41', '42', '43', '44']",4100000000000.0,TS
8888802776,['백승엽'],['주식회사 디플리'],2019-10-17,4020000000000.0,['09'],4020000000000.0,Deeply
4168605135,['특허법인가산'],['휴멜로 주식회사'],2018-12-04,4020000000000.0,['09'],4020000000000.0,p
2858103644,['이관용'],['(주)시퀀스엔'],2019-04-08,4020000000000.0,['38'],4020000000000.0,야생마
2148600166,['특허법인맥'],['(주)토마토시스템'],2010-03-26,4020000000000.0,['09'],,eXSSO
5038101044,['유미특허법인'],['창성건설 주식회사'],2014-10-10,4120000000000.0,['36'],4100000000000.0,CLASSIA
6163004720,,['주식회사 신세계'],1993-01-14,4020000000000.0,['019'],4000000000000.0,PEACOCK
6168100157,['하문수'],['주식회사 건영'],1995-03-08,4020000000000.0,['017'],4000000000000.0,KY
2208106377,['특허법인원전'],"['홍지기술산업주식회사', '홍찬윤', '주식회사 토브씨앤지']",2003-06-10,4520000000000.0,"['06', '19', '35', '37', '42']",4500000000000.0,RECON
2238104416,"['양영준', '이길상']",['진흥기업주식회사'],2008-03-20,4020000000000.0,['14'],,더루벤스 THE RUBENS
2338102261,,['(주)뭉치'],2013-05-03,4120000000000.0,['39'],4100000000000.0,워킹워크샵
5028600576,['노장오'],['주식회사 세움건설'],2019-06-14,4020000000000.0,['37'],4020000000000.0,스카이폴리스 SKYPOLIS
4458700913,['김시우'],['주식회사 블록펫'],2018-11-14,4020000000000.0,['42'],4020000000000.0,BLOCKPET
4548602202,"['권정기', '이장주', '임상엽']",['주식회사 글로비원'],2021-02-03,4020000000000.0,['42'],,GBNBOX
5318601212,['양영필'],['주식회사 빌딩포인트코리아'],2019-03-13,4020000000000.0,['09'],4020000000000.0,FM
7133309176,"['남상선', '남두용']",['성진산업주식회사'],1994-06-03,4020000000000.0,['036'],,KBM
4738107974,['이용하'],['맨션나인 주식회사'],2019-03-19,4020000000000.0,['16'],4020000000000.0,DEEP PLAY BOOK
6168104292,"['이길상', '양영준']",['진흥기업주식회사'],2008-03-20,4020000000000.0,['33'],,THE RUBENS
6838100745,['오승건'],['주영산업주식회사'],1996-05-15,4020000000000.0,['047'],,하나로 HANARO
3598800724,['박명흠'],['(주) 미스터멘션'],2018-11-06,4020000000000.0,['43'],4020000000000.0,
8768701536,['백도현'],['한국스마트인증 주식회사'],2020-07-23,4020000000000.0,['09'],,Breuu
2708602755,['김미성'],['(주)잇마플'],2019-03-26,4020000000000.0,['29'],4020000000000.0,잇마플 EATMAPL
2948707299,['특허법인엠에이피에스'],['주식회사 해피투씨유'],2020-01-22,4020000000000.0,['41'],4020000000000.0,해피투씨유
3968105047,"['이재화', '주인중']",['주식회사 팬텀'],1994-11-28,4020000000000.0,['025'],,쥬르반 ZURVAN
8808700839,['조철현'],['효성티앤씨 주식회사'],2021-10-05,4020000000000.0,['25'],,ICE-X
6888709519,['심형섭'],['(주)서진건설'],2017-08-08,4020000000000.0,['37'],4010000000000.0,엘리체
4038108921,"['이태희', '백덕열']",['주식회사 신세기통신'],2000-04-06,4120000000000.0,['38'],4100000000000.0,017 i Lady
2152106282,['최영민'],['주식회사 레이'],2017-12-05,4020000000000.0,['07'],4010000000000.0,RAYDENT Studio
6208100181,,['주식회사 이레'],2015-12-24,4020000000000.0,['07'],,축분 재활용깔짚 펠렛퇴비 연료 제조장치
2148107850,,['(주) 서일시스템'],1996-06-27,4120000000000.0,['112'],,I.M.I LANGUAGE SCHOOL
8398709840,['이용하'],['(주)넥스트'],2016-07-29,4020000000000.0,['03'],,S SUPERHYDROPHOBIC ARMOR COATING
6828806845,['카이특허법인'],['주식회사 다름'],2021-09-09,4020000000000.0,['30'],,당곤
8598807981,['이용하'],['주식회사 제이에이크리에이티브'],2018-11-23,4020000000000.0,['30'],,자연밥상
2248809325,['특허법인(유한) 다래'],['주식회사 에이치씨컴퍼니'],2010-08-26,4020000000000.0,['07'],,스펙트럼
5888103623,['서평강'],['주식회사 스패로우'],2022-04-28,4020000000000.0,['24'],,스패로우
2268803242,,['주식회사 크레넷'],2016-02-18,4020000000000.0,['09'],4010000000000.0,크레북 KREBOOK K e북솔루션
5028601762,['팬코리아특허법인'],['주식회사 신세계티비쇼핑'],2022-01-05,4020000000000.0,['38'],,홈세프 컬렉션 HOME CHIEF COLLECTION
8488801948,['원대규'],['주식회사 그래피'],2021-06-09,4020000000000.0,['10'],,Hyalign
2100701353,,['(주)지오메디칼'],2016-04-06,4020000000000.0,['09'],4010000000000.0,
2613809224,,['주식회사 라온'],2017-10-31,4020000000000.0,"['01', '05']",,다라온
3808100242,['특허법인알피엠'],['주식회사 파이퀀트'],2022-05-18,4020000000000.0,['16'],,PiQuant
2972700092,['감동훈'],['주식회사 아이엠티'],2001-03-26,4020000000000.0,['09'],,imT
6218106035,['최규환'],['유진기업 주식회사'],2014-06-18,4020000000000.0,['07'],4010000000000.0,EUGENE
7058800485,['특허법인주원'],['(주)옴니오'],2010-10-12,4020000000000.0,['09'],,WOWKeys
4088108298,['윤여강'],['대방건설 주식회사'],2014-02-28,4120000000000.0,['37'],,N
4031505091,['송재근'],['주식회사 비엔비'],1992-11-25,4020000000000.0,"['045', '24', '25', '26']",4000000000000.0,CB
8808709258,['황보의'],['주식회사 웨커'],2021-04-27,4020000000000.0,['35'],,본페널티
6158100861,,['동진정보통신주식회사'],1991-12-13,4120000000000.0,['112'],4100000000000.0,DDC
4178106521,['특허법인빛과소금'],['영진기술 주식회사'],2020-03-06,4020000000000.0,['09'],4020000000000.0,클라우디
2648101118,['권두상'],['주식회사 질경이'],2017-07-10,4020000000000.0,['03'],,17DAYS
4080701596,['백문구'],['주식회사 대한'],1986-06-18,4020000000000.0,['037'],4000000000000.0,5계절
8128709375,['특허법인주원'],['(주)소유코퍼레이션'],2021-08-26,4020000000000.0,['05'],,
5158101582,['홍병의'],['혜성정보통신주식회사'],1994-12-01,4120000000000.0,['112'],,혜성경제연구소
8580704454,['박천배'],['주식회사 신세계'],1973-12-27,4020000000000.0,['048'],4000000000000.0,공작 PEACOCK
2220504851,"['정태련', '이상진']",['현대오일뱅크 주식회사'],1994-01-15,4020000000000.0,"['11', '19']",4000000000000.0,oiL Land
5348605274,['반중혁'],['주식회사 와우플래닛'],2022-04-14,4020000000000.0,['41'],,WOWPLANET
2208608202,"['박영우', '김삼용']",['주식회사 이너버스'],2003-11-11,4020000000000.0,['09'],,Live Viewer
2148606977,['박영우'],['세연테크놀로지 주식회사'],2007-07-12,4020000000000.0,['09'],,JUNO
3828704641,['특허법인남촌'],['주식회사 퀴즈톡'],2018-04-11,4020000000000.0,['09'],,
5041500313,,['디엘건설 주식회사'],1985-12-30,4020000000000.0,['027'],,하이-플러스 HI-PLUS
2208801342,['이준혁'],['(주)와플'],2016-07-26,4020000000000.0,['09'],4010000000000.0,와이알 WyR
5048100900,['조정환'],['(주)태왕이앤씨'],2017-11-03,4020000000000.0,['37'],4010000000000.0,TAEWANG
6178104449,['안병규'],['엘티삼보 주식회사'],2017-12-12,4020000000000.0,['37'],4010000000000.0,아리솔
6308701293,['이영근'],['주식회사 리앤한'],2003-12-31,4020000000000.0,['09'],,EXR
4708800099,,['주식회사 씨티에스'],2012-11-27,4020000000000.0,['11'],4010000000000.0,BYL
2298100080,['특허법인우인'],['주식회사 제이와이피엔터테인먼트'],2008-01-30,4020000000000.0,['14'],,JT The Best Digitainment Group
5158104936,['박재홍'],['주식회사성원건설'],1995-06-02,4120000000000.0,['104'],,성원 SUNG WON
2118107654,,['케이씨아이엠 주식회사'],2003-08-26,4020000000000.0,['09'],4010000000000.0,Sun Light
6918704540,['황보의'],['주식회사 와이어즈'],2022-04-12,4020000000000.0,['35'],,슈퍼파인
5088102430,"['박문수', '강용복']",['이지건설 주식회사'],2011-06-30,4120000000000.0,['36'],4100000000000.0,Soul Leader
6798101806,['구공호'],['굿어스데이터 주식회사'],2019-11-13,4020000000000.0,['09'],4020000000000.0,ArGosinsight
5438106074,"['황의만', '황성필']",['주식회사 아이스크림키즈'],2016-09-13,4020000000000.0,['41'],4010000000000.0,큐비코
2088206973,"['박길님', '박지호']",['(사) 한국통신사업자연합회'],2008-10-02,4120000000000.0,['35'],,한국통신사업자연합회 KTOA
4148702948,['문경혜'],['스닙팟 주식회사'],2015-12-03,4120000000000.0,['35'],4100000000000.0,S
6168105475,['김현진'],['(주)섬엔지니어링'],2010-11-26,4020000000000.0,['09'],4010000000000.0,Sum@Orum
5038108541,['김용인'],['대원전기산업주식회사'],1983-05-02,4020000000000.0,['028'],4000000000000.0,데이트론 DAYTRON
5098103769,['특허법인아주'],['창성건설 주식회사'],2021-07-06,4020000000000.0,['37'],4020000000000.0,비디에이치글로벌 BDH Global
2368701569,"['심창섭', '김용인']","['주식회사 케이디파워', '주식회사 에너솔라', '주식회사 라온테크']",2008-02-27,4020000000000.0,['09'],4010000000000.0,Hybrid DP
2068609649,['특허법인이씨엠'],['주식회사 한맥아이티'],2022-03-28,4020000000000.0,['11'],,Meta LED
4128108810,['이민웅'],['두산건설 주식회사'],2001-05-11,4120000000000.0,['37'],,Fashion 아파트
6172900041,['문경혜'],['(주)우진'],2016-09-13,4020000000000.0,['11'],4010000000000.0,KiWaterSolution
7778803780,"['홍성욱', '심경식']",['주식회사 새올정보기술'],2015-09-14,4020000000000.0,['09'],4010000000000.0,OV-Works
3013900355,['유미특허법인'],['세종텔레콤 주식회사'],2013-03-06,4120000000000.0,['38'],4100000000000.0,POINTTONGTONG
8128107399,['강정만'],['주식회사 메브릭'],2016-07-05,4020000000000.0,['09'],4010000000000.0,리메즈
3678104719,,['주식회사 신세계'],1973-12-26,4020000000000.0,['011'],4000000000000.0,S
2148106192,['김명섭'],['주식회사 케이씨씨건설'],2002-09-17,4120000000000.0,['37'],4100000000000.0,수&수 Soo&Soo
5028101466,,['(주)나노아이티'],2012-02-25,4120000000000.0,"['42', '45']",4100000000000.0,난공불락
2068607405,,['주식회사 마케팅이즈'],2017-03-09,4020000000000.0,['38'],4010000000000.0,토토팡
7118808549,['유미특허법인'],['에스케이 주식회사'],2011-08-17,4120000000000.0,['38'],,SK univers
4168108220,['황보의'],['세종산업(주)'],2021-01-28,4020000000000.0,['37'],,sj
2118806976,['특허법인아주'],['창성건설 주식회사'],2021-04-30,4020000000000.0,['43'],4020000000000.0,비디에이치홀딩스 BDH Holdings
8798700449,['배정일'],['주식회사 리얼코딩'],2019-04-25,4020000000000.0,['42'],4020000000000.0,CELLCODE
6888100348,"['최웅근', '박민흥']",['주식회사 맥파이테크'],2021-02-04,4020000000000.0,['09'],,M-30
7424705689,['이선우'],['주식회사 이루다'],2014-03-28,4120000000000.0,['43'],4100000000000.0,HOTEL IRUDA
8418800648,['특허법인엠에이피에스'],['주식회사 프로키언'],2021-03-04,4020000000000.0,['42'],,
8498603175,['유미특허법인'],['주식회사 크로스파이낸스코리아 (Kross Finance KOREA Co.)'],2017-07-13,4020000000000.0,['36'],4010000000000.0,90 days
6948805726,['방상호'],['주식회사 다온종합건설'],2021-01-12,4020000000000.0,['36'],,라 센트로
2418708384,,"['주식회사 케이씨씨', '금강종합건설(주)']",1990-09-25,4120000000000.0,['112'],,"금강종합건설(주) KEUMKANG CONSTRUCTION CO.,LTD."
2158700954,,['(주)시루정보'],2011-06-16,4120000000000.0,['36'],4100000000000.0,SEEROO
8788804413,,['(주)엔티소프트'],2004-02-10,4020000000000.0,['09'],,보부상 BOBUSANG
8138109735,['특허법인공룡'],['(주)켄텍'],2020-10-20,4020000000000.0,"['09', '42']",4020000000000.0,RSMS
5048100352,"['김종갑', '남계영']",['성원정보기술 주식회사'],1996-11-13,4120000000000.0,['112'],,하이퍼스캔 HYPERSCAN
2478603042,['김승완'],['(주)파머시즌'],2020-01-31,4020000000000.0,['25'],4020000000000.0,오프넥 사마스 OPNEG SAMAS
2208104980,"['김남식', '이인행']",['주식회사 다우데이타'],2020-02-06,4020000000000.0,['36'],4020000000000.0,페이조아
2208808665,['박양호'],['주식회사 신발연구소'],2015-09-23,4020000000000.0,['25'],4010000000000.0,MANSOLE
8818806132,"['이철수', '김연수']",['주식회사 이공이공'],1998-09-15,4120000000000.0,['35'],,2 2 이공이공 2020
4158703844,,['주식회사 파로스'],2012-02-08,4020000000000.0,"['18', '20']",,Thank you Father & 노아의 방주
2048600523,['신정아'],['(주)스마트큐브'],2021-12-01,4020000000000.0,['42'],,willld
2268105235,['황의만'],['신화건설(주)'],2014-10-10,4120000000000.0,['45'],4100000000000.0,SHINHWA CONST.
4021607793,"['윤명후', '전동찬', '이범호']",['(주)그린미디어'],2017-03-23,4020000000000.0,['16'],4010000000000.0,글로벌이코노믹 G
5068100036,"['신용길', '전준']",['씨에스텍 주식회사'],2021-02-15,4020000000000.0,['11'],,Luziere
2188103059,,['대상정보기술(주)'],2008-11-27,4120000000000.0,['42'],,TEAM MIRACLE
2208101497,['정문영'],['주식회사 일진유니스코'],2006-02-02,4020000000000.0,['19'],,노불보드
2838109243,['백영방'],['신성기업주식회사'],1997-01-10,4020000000000.0,['027'],4000000000000.0,빙고 BINGO
2128101800,['김성호'],['주식회사 라온텍'],2022-01-04,4020000000000.0,['09'],,CoKOA
7078103270,['노장오'],['주식회사 엔컴'],2020-10-06,4020000000000.0,['21'],,오키트 O kit
4168108829,"['박문수', '강용복']",['이지건설 주식회사'],2011-06-30,4120000000000.0,['37'],4100000000000.0,Soul Leader
6298709210,['이용하'],['정원종합건설(주)'],2016-07-12,4020000000000.0,['19'],4010000000000.0,Bonitas
8638103562,['정대섭'],"['(주)베디베로', '이홍재']",2020-05-12,4020000000000.0,['25'],4020000000000.0,VEDI VERO
2118603310,,['(주)티엔씨테크날로지'],2001-03-13,4120000000000.0,['42'],,Bill-Pro
2348108039,"['한승범', '유병욱']",['주식회사 선일기업'],2020-09-09,4020000000000.0,"['06', '19']",,SUPER 방화셔터 S440 선일 안전
8668107281,['서동원'],['주식회사 공간기록'],2019-08-07,4020000000000.0,"['37', '42']",4020000000000.0,공간기록
4558802416,"['김선준', '이광연']",['(주)엠디스퀘어'],2021-11-11,4020000000000.0,['44'],,Md
4098106739,"['나영환', '이상섭']",['주식회사오성정보통신'],1994-08-13,4020000000000.0,['039'],,텔레메이트
2208100894,['특허법인성암'],['에스케이엠앤서비스 주식회사'],2021-05-18,4020000000000.0,['42'],,안심경영
6748801947,['김준혁'],['페이업 주식회사'],2021-08-06,4020000000000.0,['35'],,payup
6450506934,['장순호'],['주식회사 제일기획'],1987-04-24,4020000000000.0,['052'],4000000000000.0,
2268106286,"['심창섭', '김용인']",['대한주식회사'],1991-10-24,4020000000000.0,['038'],4000000000000.0,KORCERA
5223000444,"['김용인', '박영복', '심창섭']","['주식회사 라온테크', '주식회사 케이디파워', '주식회사 에너솔라']",2007-12-26,4020000000000.0,"['04', '07', '09', '17']",,파워나노접지
3018100567,['서동원'],['주식회사 유영제약'],2019-06-28,4020000000000.0,['03'],,SNOW FLOWER BLOOM
8948604603,,['주식회사 코어닥스'],2020-11-12,4020000000000.0,"['36', '42']",,VICDeal
5048101398,['구공호'],['주식회사 정원'],2018-04-17,4020000000000.0,['31'],4010000000000.0,Bloominus
5142506684,,['주식회사 라온'],2017-09-04,4020000000000.0,"['01', '05']",4010000000000.0,머든
7278606608,['특허법인남촌'],['주식회사 스마트'],2016-03-08,4020000000000.0,"['12', '28']",,OLIVETRIKE
6178608717,"['김수경', '이미정']",['주식회사 제우스'],2018-12-19,4020000000000.0,['29'],4020000000000.0,Byeol & Byeol Charm
5148105859,['김종국'],['주식회사 큐텍코리아'],2015-04-14,4120000000000.0,['44'],,듀얼피코토닝
5048503777,"['황의만', '양영준', '위혜숙']",['메가박스중앙 주식회사'],1999-04-14,4120000000000.0,['41'],,CINEPLEX
6071701748,"['김국남', '김한얼']",['주식회사부림'],1992-04-30,4120000000000.0,['104'],4100000000000.0,주식회사 부림 주식회사 부림 BOOLIM COMPANY LTD.
3268608143,,['주식회사 꿈많은청년들'],2015-11-25,4120000000000.0,['35'],,bullfan
8838808319,,['주식회사 대호건설'],2007-06-11,4020000000000.0,['19'],,대호 에어로콘
2218109274,['김남혁'],['주식회사 임팩시스'],2017-06-30,4020000000000.0,['42'],4010000000000.0,impacsys
2238104902,['이원희'],"['주식회사 바론즈인터내셔널', '대진유니텍주식회사', '주식회사티에스개발', '주식회사유피테크', '대한제당 주식회사', '주식회사 티에스푸드앤시스템', '주식회사 티에스센트릭', '주식회사 티에스건설']",1995-04-26,4020000000000.0,['010'],,TS
2158606625,,['(주)네오크레마'],2014-07-22,4020000000000.0,"['29', '30', '32']",4010000000000.0,HybridEnergy
2048607845,['이만재'],['비티지 주식회사'],2016-08-30,4020000000000.0,['25'],,crazypants
2598108896,"['오수원', '최한성']",['아미쿠스렉스 주식회사'],2017-10-19,4020000000000.0,"['35', '45']",,AMICUS LEX
5048100506,['우광제'],['주식회사 데이타솔루션'],2018-05-16,4020000000000.0,['09'],4010000000000.0,에이너 AI.NER
2238802936,['천태용'],['주식회사 티에스엠테크놀로지'],2020-06-01,4020000000000.0,['37'],4020000000000.0,b Bime'S BMSEM
4768105819,['김성규'],['주식회사 블록체인기술연구소'],2019-10-14,4020000000000.0,['42'],4020000000000.0,IBCT
2171106111,['특허법인 이노'],['주식회사 에이원'],2015-05-12,4020000000000.0,['12'],4010000000000.0,LEGROVE
4808604596,['특허법인아이엠'],['주식회사 로그싱크'],2019-06-25,4020000000000.0,['09'],4020000000000.0,logsynk
8418703319,['노장오'],['주식회사 세움건설'],2019-06-14,4020000000000.0,['36'],4020000000000.0,스카이폴리스 몰 SKYPOLIS MALL
2248108185,['이대선'],['(주)미래엔지니어링'],2020-02-10,4020000000000.0,['06'],4020000000000.0,하나폼 HANAFORM
2118800540,['한양특허법인'],['주식회사 무신사'],2021-08-26,4020000000000.0,['09'],,WUSINSA
8858602344,['복병준'],['주식회사 웨이브온'],2017-11-15,4020000000000.0,['09'],,Innovation Medley
4089009368,['임유근'],['주식회사 연합뉴스'],2005-01-25,5120000000000.0,['41'],4100000000000.0,연합라디오뉴스 YRN
8568600607,['특허법인성암'],['원스토어 주식회사'],2020-09-25,4020000000000.0,['41'],,원툰앤북
2358607514,['특허법인메이저'],['주식회사 에스티엔커머스'],2020-04-23,4020000000000.0,['30'],,바르고 건강하게 착한한끼
8268105961,['정문영'],['주식회사 넥스트웹'],2000-08-09,4520000000000.0,"['09', '35', '38', '42']",,아라따
4088108255,"['이건주', '김정훈']",['주식회사 태림건설'],2021-09-02,4020000000000.0,['37'],,태림더끌리움 TAERIM 더 CLIUM
5028108291,['특허법인 두성'],['주식회사 아이티아이에스'],2018-03-23,4020000000000.0,['44'],4010000000000.0,우리맘 아동정서 행동발달 관찰시스템
2680108957,"['노태정', '김병진']",['박경서'],2007-07-04,5020000000000.0,"['038', '07', '08']",4000000000000.0,클로버 CLOVER
5518109395,,['주식회사 엘앤에스153'],2021-06-21,4020000000000.0,"['09', '42']",,L&S153
2318701032,['홍성표'],['세원이앤씨(주)'],2007-11-27,4020000000000.0,['07'],4010000000000.0,MDS
6998706440,['안영길'],['두리건설주식회사'],2007-04-13,4120000000000.0,['42'],4100000000000.0,"두리건설주식회사 DOOREE DOO REE CONSTRUCTION CO.,LTD"
4221100215,['박천배'],['주식회사 신세계'],1984-08-06,4020000000000.0,['026'],4000000000000.0,동방 플라자 Dongbang Plaza
2988100252,"['윤창일', '강철중', '석혜선', '진천웅']",['(주)나래앤컴퍼니'],1998-02-06,4020000000000.0,['052'],,체인지폰
7912209314,['최석원'],['세하주식회사'],2006-08-16,4120000000000.0,['40'],4100000000000.0,sehacorp
5028108035,['특허법인 신세기'],['대선건설(주)'],2008-05-15,4120000000000.0,"['36', '37']",4100000000000.0,드림채
2298107120,,['주식회사 부뜰정보시스템'],2013-12-26,4020000000000.0,['09'],4010000000000.0,Prime lite
2208100824,['조경임'],['(주)제로투세븐'],2007-03-16,4020000000000.0,['15'],4010000000000.0,four lads:
5048102716,['박희진'],['주식회사 퓨전소프트'],2005-08-03,4020000000000.0,['09'],4010000000000.0,오드아이 odd-i
2958109490,['김경미'],['주식회사 이노테크'],2007-06-22,4020000000000.0,['12'],4010000000000.0,
4268709165,['김정수'],"['주식회사 에스랩', '이정민']",2020-11-06,4020000000000.0,['01'],,Path Lab. With
2118700323,['특허법인태평양'],['주식회사 아이엠씨게임즈'],2013-07-17,4520000000000.0,"['09', '41', '42']",4500000000000.0,트리오브세이비어 TREE of SAVIOR
3668701220,"['신용길', '전준', '김재성']",['주식회사 엔에스아리아'],2018-03-14,4020000000000.0,['35'],4010000000000.0,엔에스아리아
2158705758,['박기하'],['주식회사 헬로월드'],2016-11-24,4020000000000.0,['35'],4010000000000.0,헬로프렌즈
2208605326,['특허법인 수'],['테크빌교육 주식회사'],2020-09-18,4020000000000.0,['42'],,Xlass
2208808783,['이만재'],['주식회사 에이컴메이트코리아'],2014-01-06,4120000000000.0,['35'],4100000000000.0,Gou4u
8051704942,,['에스엘 주식회사'],2003-10-25,5620000000000.0,"['01', '024', '17']",4000000000000.0,세양 엔지니어링
3908701051,['원은섭'],['주식회사 벤타브이알'],2016-12-08,4020000000000.0,['41'],4010000000000.0,Dream Date
5148102244,['안경주'],['(주) 라온 엔터테인먼트'],2016-12-29,4020000000000.0,['09'],,Revolt Tales Runner
2208100380,['양순석'],['주식회사 케이티엔지니어링'],2001-05-07,4120000000000.0,['42'],,mymy mart
6388704575,['수안특허법인'],['베스핀글로벌 주식회사'],2021-01-13,4020000000000.0,"['09', '42']",,베스핀
3908808968,,['굿바이카 주식회사'],2019-01-18,4020000000000.0,"['09', '35']",,사랑의 리튬배터리
2328803139,"['김수진', '윤의섭']",['메가존클라우드 주식회사'],2017-12-06,4020000000000.0,['35'],4010000000000.0,하이퍼렌더
3428102183,['오세계'],['닥스콘 주식회사'],2016-04-08,4120000000000.0,['35'],4100000000000.0,큐북 CUBOOK
4168100221,['서상욱'],['주식회사 이레'],1994-04-04,4020000000000.0,['018'],4000000000000.0,
2158109542,['정상규'],['비케이탑스 주식회사'],2008-01-04,5620000000000.0,['09'],4000000000000.0,동양정보통신(주)
2298100025,['배정일'],['주식회사 아이온커뮤니케이션즈'],2016-12-08,4020000000000.0,['09'],,LAMS
7568600160,,['주식회사 디케이'],2021-08-19,4020000000000.0,['03'],,플랜에이 PLAN A
4880105858,['한양특허법인'],['주식회사 미래넷'],2001-06-19,4020000000000.0,['09'],4010000000000.0,SpeedLearn
7218804836,,['주식회사 메디컬에이아이'],2021-10-01,4020000000000.0,['42'],,Medical Ai
5968806151,['김진동'],['주식회사 비버소프트'],2021-11-19,4020000000000.0,['41'],,공시연 공정한 시험 연구소
2118700067,"['허성원', '서동헌']",['주식회사 에코밸리'],2007-11-27,4020000000000.0,['20'],,ALT BAUM
5158103151,['특허법인 신세기'],['대방건설 주식회사'],2005-07-18,4120000000000.0,['36'],4100000000000.0,노블랜드 NobleLand
2048600568,['특허법인로얄'],['주식회사 두꺼비세상'],2021-01-07,4020000000000.0,"['09', '35']",,아파트너 패스
6118709916,['정호택'],['대한산업주식회사'],1990-07-28,5020000000000.0,"['14', '21', '24', '25', '26']",4000000000000.0,쿠쉬벨 COURCHEVEL
7721801075,,['주식회사 다올'],2021-07-05,4020000000000.0,['20'],,침구친구
2148601217,['특허법인(유한) 대아'],['메가스터디(주)'],2015-09-07,4020000000000.0,['16'],,PEET단기학교 m
2158107851,['김유'],['주식회사 모빌텍'],2004-03-19,4020000000000.0,['09'],,EXCON
2642007244,['오세계'],['주식회사 에스엔텍'],2013-02-12,4120000000000.0,['39'],4100000000000.0,CALLMANER
3548802297,['양성보'],['주식회사 브이런치'],2019-10-11,4020000000000.0,['09'],4020000000000.0,보요 BOYO
2098100082,['이버드특허법인'],['대방건설 주식회사'],2020-07-24,4020000000000.0,['37'],,디맨션
8618705154,['이원희'],['주식회사 티에스건설'],1997-09-06,4120000000000.0,['104'],4100000000000.0,TS TECHNOS
3738604315,['신무연'],['주식회사 청밀'],2019-07-08,4020000000000.0,['35'],4020000000000.0,
5108100737,['특허법인메이저'],['주식회사 이레'],2021-10-14,4020000000000.0,['30'],,몽레스트 mongrest
8358604789,,['주식회사 스마트큐브'],2020-04-03,4020000000000.0,['20'],,SMC Furniture
2118803305,['특허법인충현'],['(주)씨씨시큐리티'],2021-02-09,4020000000000.0,['42'],,CC SECURITY Cloud Computing Security
3012304637,['방상호'],['주식회사 에이치엠지'],2021-10-13,4020000000000.0,['37'],,에이치엠지
2208109206,"['최학현', '황주명']",['드림라인 주식회사'],1999-01-09,4120000000000.0,['38'],4100000000000.0,DREAMLINE 21
6168105026,['김효정'],['금강종합건설(주)'],2015-11-06,4120000000000.0,['37'],4100000000000.0,Hutis
8298802083,,['채움 주식회사'],2013-04-02,4020000000000.0,['21'],,TOPURE
2068102843,['노장오'],['(주)지피클럽'],2021-07-23,4020000000000.0,['30'],,블링미
4138603646,['안영길'],['주식회사 데일리비어'],2022-03-30,4020000000000.0,['30'],,DAILYTOPOKKI
3018108671,"['김석현', '황주명']",['에이스건설 주식회사'],2004-11-05,4120000000000.0,['37'],4100000000000.0,최|첨|단|비|즈|니|스|시|티 에이스 하이테크 시티 ACE HIGH TECHCITY
5541500277,,['주식회사에스테크'],1994-01-29,4120000000000.0,['112'],4100000000000.0,에스테크 주 ES
3898700184,,['주식회사 하스퍼'],2005-07-25,4020000000000.0,['09'],4010000000000.0,KLaUM
2208103601,"['김진학', '한인열']",['주식회사 티맥스 소프트'],2008-04-23,4020000000000.0,['09'],,Tmax ProCRM
2118102410,['김광술'],['주식회사 금강주택'],2005-06-01,4120000000000.0,['36'],,트리니티
2208801654,['특허법인 아이스퀘어'],['주식회사 모비데이즈'],2022-03-28,4020000000000.0,['38'],,mobimeta
2040506805,"['최용래', '이지명']",['(주)썬테크'],2006-03-31,4020000000000.0,['01'],4010000000000.0,UTOPASTE
5158106654,['배인삼'],['경일건설 (주)'],2013-10-11,4120000000000.0,['36'],4100000000000.0,수아지오 SUAGIO
3018109502,,"['김재영', '서진씨엔에스(주)']",2020-12-18,4020000000000.0,['09'],,S-Call
2118109220,['김명섭'],['주식회사 케이티알파'],1999-11-05,4020000000000.0,['16'],,
6998605440,['방상호'],['우미건설 주식회사'],2021-03-24,4020000000000.0,['37'],,린 스트라우스 Lynn StrauS
5158104001,['황의만'],['동광건설 주식회사'],2008-07-16,4120000000000.0,['37'],4100000000000.0,레덴 Leden
4178107384,['이형우'],['주식회사 제이앤비'],2018-04-09,4020000000000.0,['11'],4010000000000.0,더덜이
7810304305,['특허법인 신태양'],['(주)대성테크'],2016-11-09,4020000000000.0,['09'],4010000000000.0,PRODG
4618107952,,['(주)아이렉스 건설'],2016-01-15,4120000000000.0,"['35', '36', '37']",,"ilex Engineering & Construction Co., Ltd."
4188703697,['황종환'],['주식회사 큰나무'],1997-05-03,4120000000000.0,['104'],,큰나무
8658806311,['김현호'],['주식회사 워시스왓'],2015-08-26,4120000000000.0,['37'],4100000000000.0,세탁특공대
3883507282,['정성진'],['주식회사 유진테크'],2013-01-03,4020000000000.0,['07'],4010000000000.0,FALCON
6898108865,,['(주)샤플'],2021-12-24,4020000000000.0,"['09', '18', '25', '42']",,샤플티
2298107526,['박길님'],['양우건설 주식회사'],2005-02-03,4120000000000.0,['36'],4100000000000.0,양우건설 Y
4860409037,['남두용'],['성진산업주식회사'],1992-01-24,4020000000000.0,['036'],,AUTOCOUNT 200
2648101658,['특허법인이상'],['주식회사 코어라인소프트'],2021-04-05,4020000000000.0,"['09', '42']",4020000000000.0,CORELINE
2298100063,,['(주)이스트소프트'],2000-11-15,4020000000000.0,['09'],,
3388608962,['최승욱'],['디케이건설 주식회사'],2016-10-24,4020000000000.0,['37'],4010000000000.0,I NOBLE
7238708372,['구영회'],['주식회사 페이크아이즈'],2022-05-19,4020000000000.0,['09'],,할로우 리퍼
8648605805,['최석원'],['주식회사 디자인피버'],2006-12-26,4120000000000.0,['42'],4100000000000.0,designfever
8878800022,,['주식회사 우진'],1995-07-31,4020000000000.0,['007'],,통발
6588803758,['조영현'],['(주)아우라'],2020-08-19,4020000000000.0,['03'],,셀디나 CELLDNA
8618502331,['특허법인태평양'],['주식회사 에스티유니타스'],2018-01-30,4020000000000.0,['16'],,영단기 세마디영어
2038805482,['황보의'],['주식회사 멘큐'],2021-11-25,4020000000000.0,['44'],,브레인닥터플러스
2128103981,,['(주)한국보원바이오'],2014-09-11,4020000000000.0,['14'],4010000000000.0,
4141405133,['이형규'],['대신정보통신(주)'],2015-05-19,4120000000000.0,['42'],4100000000000.0,대신정보통신(주)
3288606404,['특허법인 플러스'],['주식회사 에스지엠'],2021-12-15,4020000000000.0,['42'],,COLOMBO GOLF
5088104005,,['신영전기주식회사'],1980-04-11,4020000000000.0,['033'],4000000000000.0,신영전기주식회사 신영전기주식회사 SHINYEONG ELECTRIC CORPORATION
2138109921,['특허법인 신지'],['주식회사 코밴'],2012-04-19,4020000000000.0,['09'],4010000000000.0,LOVE CLICK
3018602242,['네이트특허법인'],['(주)유진테크시스템'],2015-01-31,4020000000000.0,['09'],,"주식회사 유진테크시스템 UJIN TECH SYSTEM CO., LTD."
2158709657,"['김준현', '서현', '민복기', '이재홍', '박종욱']",['화이트리퍼블릭 주식회사'],2014-05-20,4020000000000.0,['20'],4010000000000.0,WHITE REPUBLIC HOME
6398601643,"['안제성', '김한솔', '김세환', '김준식']",['주식회사 메이크잇'],2021-03-08,4020000000000.0,"['03', '05', '10', '29', '35', '42', '44']",,팜젠바이오 PharmGen Bio
3781005448,['오승건'],['주영산업주식회사'],1996-07-08,4020000000000.0,['047'],4000000000000.0,프리론 FREERON
4058701626,"['김한얼', '김국남']",['주식회사부림'],1992-04-30,4120000000000.0,['104'],4100000000000.0,부림 부림 BOOLIM
6938100979,,['알에프에이치아이씨 주식회사'],2018-06-08,4020000000000.0,['09'],4010000000000.0,
2758704694,['이준성'],['주식회사 바름파트너스'],2017-12-06,4020000000000.0,['37'],4010000000000.0,바름
2128103774,['전종학'],['주식회사 삼주유니콘'],2016-11-23,4020000000000.0,['10'],4010000000000.0,에어 풋 발란스 Air Foot Balance
4128103553,['허남정'],['동광건설 주식회사'],2007-02-22,4120000000000.0,['36'],4100000000000.0,VISHEIM VISHEIM
7684304304,['특허법인 신태양'],['(주)대성테크'],2016-11-09,4020000000000.0,['09'],4010000000000.0,dST
6398806253,"['유미특허법인', '송만호']",['주식회사 호성'],2001-05-22,4020000000000.0,"['07', '09', '11']",4010000000000.0,Greenchal
7158607119,['배정일'],['주식회사 한터글로벌'],2022-03-17,4020000000000.0,['38'],,
2177400915,,['주식회사 라온'],2019-09-18,4020000000000.0,['05'],,발렌시아
6788805861,['서평강'],['케일리웍스 주식회사'],2021-07-29,4020000000000.0,['41'],,Framing Studio
5048109983,['팬코리아특허법인'],['신세계건설(주)'],2019-10-07,4020000000000.0,['37'],4020000000000.0,빌리브 파크뷰
5088104103,['김홍석'],['주식회사 미르'],2019-07-02,4020000000000.0,['03'],,미르랑
6168102506,['한광수'],['주식회사 라인건설'],2009-01-02,4120000000000.0,['45'],4100000000000.0,남흥그룹 NAMHUNG
6898608802,['남상선'],['성진산업주식회사'],1990-10-12,4020000000000.0,['036'],4000000000000.0,Sung-Zin Office Partner
8688104941,['김영철'],['주식회사 금동'],1994-07-11,4020000000000.0,"['06', '19']",4000000000000.0,금동
3018108409,['배인삼'],"['주식회사포항상호신용금고', '이도희', '우리기획주식회사', '육일교통주식회사', '사회복지법인우리재단', '주식회사 일동건설']",1998-03-26,4120000000000.0,['36'],,우리그룹
4765604303,['문창화'],['대한공조주식회사'],1987-10-17,4020000000000.0,"['07', '11']",4000000000000.0,KCC
5138103373,['오주석'],['(주)아이티공간'],2017-08-23,4020000000000.0,['09'],4010000000000.0,EOAR
6098107167,['특허법인테헤란'],['대승종합건설 주식회사'],2022-05-17,4020000000000.0,['36'],,ESTIA
7308703183,,['(주)에스비소프트'],2012-05-22,4120000000000.0,['38'],4100000000000.0,left hand.tv
5060204997,,['주식회사제일'],2007-06-28,4020000000000.0,['25'],,바지나라
2138601086,"['정종옥', '진천웅']",['네오시스템즈(주)'],2019-11-13,4020000000000.0,['35'],4020000000000.0,화물 정보망 시스템 화물넷
6071906592,['특허법인세신'],['주식회사 삼영네트웍스'],2017-04-13,4020000000000.0,['25'],,THEPHYZ
6341004775,['허동진'],['주식회사 이루다'],2019-02-07,4020000000000.0,['10'],4020000000000.0,하이저아이
4638105989,"['권주영', '공우상']",['주식회사 디피앤스튜디오'],2021-01-26,4020000000000.0,['35'],4020000000000.0,SSID
5018102728,['이인식'],['(주)아이투씨'],2004-01-15,4020000000000.0,['24'],,MooiFeder
7288109101,['이버드특허법인'],['대방건설 주식회사'],2020-07-24,4020000000000.0,['37'],,D'MANSION
5021400066,"['박용순', '김희곤', '김인한']",['(주)제이에스테크'],2011-01-04,4020000000000.0,['09'],4010000000000.0,제이에스스타 Js sta
5058107518,"['신영무', '문용호', '김두식']",['대신네트웍스 주식회사'],2009-04-09,4020000000000.0,['09'],4010000000000.0,dsn
2148804557,['안영길'],['(주)세인시스'],2016-01-07,4020000000000.0,['09'],4010000000000.0,스마트 가드 SMART GUARD
2118808289,['노장오'],['(주)인페인터글로벌'],2012-06-05,4120000000000.0,['39'],,TRAMPING
3968809994,"['이화식', '서만규']",['대원산업개발(주)'],2002-10-01,4120000000000.0,['37'],4100000000000.0,respia
4268700023,['박영순'],"['우진전장 주식회사', '주식회사 우진상공', '주식회사 우진', '주식회사 우진기전']",2008-07-23,5120000000000.0,"['112', '42']",4100000000000.0,(주)우진정공 (주)우진정공
4278807999,['황보의'],['주식회사 인포플러스'],2022-02-09,4020000000000.0,['41'],,인포플러스뉴스
3758701204,['리앤목특허법인'],['주식회사 당근마켓'],2016-05-11,4120000000000.0,['35'],4100000000000.0,당근마켓
5068106825,,"['주식회사 가람정보기술', '주식회사 솔루션웍스', '주식회사 아트닉스']",2000-11-11,4020000000000.0,['09'],,Advision
8848800315,"['문경진', '안문환', '김경희', '신용해']",['(주) 메타'],2003-04-09,4020000000000.0,['21'],,깨비락 Kevi Lock
5031802327,['유미특허법인'],['에스케이텔레콤 주식회사'],2002-08-08,4020000000000.0,['09'],4010000000000.0,Pdnet
5408803256,['손은진'],['금동전기주식회사'],1987-04-08,4020000000000.0,['010'],,금동전기
2208100960,"['정태련', '조담', '정태련']",['한일산업 주식회사'],2004-06-10,4020000000000.0,['19'],4010000000000.0,SKID-pack
5608601744,['이용하'],"['주식회사 영신엠앤에이', '주식회사 영신종합건설', '김승수', '주식회사 정승개발', '주식회사 영신디엠', '김영학', '주식회사 현승건설']",2021-09-14,4020000000000.0,['37'],4020000000000.0,아우린
2118601463,['오세계'],['메가박스중앙 주식회사'],2014-09-29,4020000000000.0,['09'],,OPEN M COEX
8438601147,['민동식'],['주식회사 주영산업'],2020-11-17,4020000000000.0,['22'],,HYPER SLING
2208101909,['홍성표'],['인프라닉스 주식회사'],2013-04-02,4020000000000.0,['09'],4010000000000.0,SmartAgent
8258101426,['박정학'],['주식회사 엘앤제이테크'],2018-03-21,4020000000000.0,['09'],4010000000000.0,LnJ TECH
6020202374,['박상기'],['에스케이텔레콤 주식회사'],2006-06-08,4120000000000.0,['38'],4100000000000.0,T AUDIO
7208700663,['홍성표'],['세원이앤씨(주)'],2007-11-27,4020000000000.0,['07'],4010000000000.0,MCB
5298708211,['특허법인엠에이피에스'],['주식회사 다름인터내셔널'],2021-06-28,4020000000000.0,['35'],,크림의 명가
2148708825,['오영균'],['주식회사 제론헬스케어'],2013-06-14,4120000000000.0,['40'],4100000000000.0,앙팡캠
6218100018,['박용환'],['주식회사 케이씨'],1999-05-06,4020000000000.0,['12'],,윌슨월튼 W.W.I
2208804501,['특허법인대한'],['코오롱이앤씨 주식회사'],2021-05-14,4020000000000.0,['35'],,Neo-Built
2148101585,['특허법인 이노'],['주식회사 녹원씨엔아이'],2010-04-27,4120000000000.0,['42'],4100000000000.0,SUNMAP
8938102715,['이재춘'],['(주)기가텍'],2001-03-29,4020000000000.0,['09'],,G GIGATEC
4728101847,['유미특허법인'],['주식회사 이지시큐'],2019-11-08,4020000000000.0,['42'],,이지시큐
7858500129,['유미특허법인'],['에스케이 주식회사'],2011-08-17,4120000000000.0,['39'],,SK univers
4158106343,,['화성건설(주)'],2000-06-25,4120000000000.0,['37'],,HWA SUNG HS
2068105460,['특허법인다인'],['(주)해든브릿지'],2011-07-20,4120000000000.0,"['35', '38', '42']",4100000000000.0,HAEDEN BRIDGE
6108104226,"['김영수', '이장호', '박건우', '김태욱']",['주식회사 유에스티'],2001-06-01,4020000000000.0,['09'],4010000000000.0,시큐메라
8468800400,['김종국'],['주식회사 픽셀아이'],2016-06-02,4520000000000.0,['39'],4500000000000.0,KocKoc Travel Social Network Service
5338106089,['이원희'],"['주식회사 바론즈인터내셔널', '주식회사티에스개발', '주식회사 티에스푸드앤시스템', '주식회사 티에스센트릭', '주식회사 티에스건설', '대한제당 주식회사', '주식회사유피테크', '대진유니텍주식회사']",1995-04-26,4020000000000.0,"['03', '30', '31']",4000000000000.0,TS
2808100298,,['주식회사로완'],1993-01-11,4120000000000.0,['112'],,로완 ROWAN
5028103871,['배인삼'],['주식회사 서 한'],1994-08-29,4120000000000.0,['104'],,서한
2048600629,['특허법인남촌'],['휴네이처(주)'],2016-07-21,4120000000000.0,['35'],4100000000000.0,휴네이처
6768709721,['양재욱'],['디엘이앤씨 주식회사'],2021-03-05,4020000000000.0,['37'],,Leaders Garden
4458804443,['유종환'],['주식회사 블록젠'],2019-02-27,4020000000000.0,['09'],4020000000000.0,Donake
2143107068,"['문세환', '정태진']",['헵시바주식회사'],2009-04-06,4020000000000.0,['07'],4010000000000.0,WINDREX
2208102890,['곽덕영'],['주식회사 네오게임즈'],2002-11-05,4120000000000.0,['42'],,억만장자
4658605246,['조희원'],['금강종합건설(주)'],2006-02-06,4120000000000.0,['37'],,금강아미움 AAMIUM
3928708745,['김동진'],['주식회사 아보룩스'],2020-03-20,4020000000000.0,['28'],4020000000000.0,빠사몬 PASAMON
2158603920,['송수연'],['주식회사 이노룰스'],2020-09-15,4020000000000.0,['09'],4020000000000.0,InnoClaim
8693507824,['리앤목특허법인'],['주식회사 바른컴퍼니'],2015-12-09,4020000000000.0,['16'],4010000000000.0,Barunson.
8498802492,['특허법인한성'],['주식회사 딥픽셀'],2021-12-24,4020000000000.0,['09'],,StyleAR
4168101042,['문한성'],['주식회사 대한'],1999-07-27,4020000000000.0,"['16', '21', '24']",4000000000000.0,케이비젼 K VISION
2648100940,['리앤목특허법인'],['주식회사 브랜덤'],2014-01-24,4020000000000.0,['09'],,zzi:m
6092207807,['김덕태'],['성진산업주식회사'],1990-08-18,4020000000000.0,['016'],4000000000000.0,성진산업주식회사
4028101580,['안영길'],['동문건설 주식회사'],2016-07-14,4120000000000.0,['37'],4100000000000.0,맘스타워
2248101083,,['주식회사 디엔비소프트'],2021-03-04,4020000000000.0,"['29', '35', '38', '42']",,강력한우
2108109216,['특허법인유아이피'],['주식회사 파인트리환경산업'],2010-10-04,4120000000000.0,['37'],,PINE-SCAPES
7328106201,['김경화'],['주식회사 서원홀딩스'],2006-02-09,4120000000000.0,['35'],4100000000000.0,1000 하점
4022000075,['문경혜'],['(주)우진'],2016-09-13,4020000000000.0,['37'],4010000000000.0,KeyWaterSolutions
2618107988,"['김함곤', '안광석', '박영일']",['주식회사 파워풀엑스'],2018-04-20,4020000000000.0,"['03', '05']",4010000000000.0,풀엑스리커버리 fulx recovery
2933500676,['이수웅'],"['대림비앤코주식회사', '대림흥산 주식회사', '(주)삼일씨엔에스', '대림엔지니어링 주식회사', '대림통상 주식회사', '디엘모터스 주식회사', '디엘 주식회사']",1988-12-26,4020000000000.0,['046'],,대림 대림 DAELIM
3018101879,['류권홍'],['코넷시스 주식회사'],2002-02-06,4020000000000.0,['11'],,GREENFIELD
6538100917,['신무연'],['주식회사 슬릭코퍼레이션'],2021-04-22,4020000000000.0,['30'],,리브잇
2148708573,['최석원'],['(주) 아이티메이트'],2015-07-28,4120000000000.0,['37'],4100000000000.0,it
6208501019,['서원호'],['메가박스중앙 주식회사'],2006-07-25,4120000000000.0,['41'],4100000000000.0,메가티즌
4170604689,['박천배'],['주식회사 신세계'],1986-03-27,4020000000000.0,['032'],4000000000000.0,
7118601146,"['이상문', '박천도']",['디어젠 주식회사'],2020-04-07,4020000000000.0,"['09', '42', '44']",4020000000000.0,DEARGEN
7158604562,['윤경현'],['주식회사 디에스원'],2021-06-29,4020000000000.0,['35'],,암행어사 식
2170400172,['김영철'],['주식회사 우진'],2001-02-14,4020000000000.0,['30'],,Insam Bite
3808108770,['특허법인엠에이피에스'],['(주)팀더블유'],2020-09-23,4020000000000.0,['38'],,앤오더 NORDER
6168601505,['전상윤'],['에이원종합건설(주)'],2005-02-18,4120000000000.0,"['36', '37']",4100000000000.0,파란채
5888802719,['조석현'],['주식회사 모노랩스'],2020-09-02,4020000000000.0,['44'],,아이엠
2448104572,['박천배'],['주식회사 신세계'],1986-03-26,4020000000000.0,['028'],4000000000000.0,
4038608021,['유성원'],['보맵 주식회사'],2021-01-14,4020000000000.0,['36'],,BOMAPP
8538703625,['특허법인다나'],['(주) 에스테팜'],2018-09-11,4020000000000.0,['03'],4010000000000.0,큐티셀 QTCell
8878806215,['이승채'],"['모아건설주식회사', '주식회사모아주택산업']",1995-07-11,4120000000000.0,['112'],,모아건설(주)
6208100251,['특허법인 하나'],['주식회사 엔엑스테크놀로지'],2017-08-29,4020000000000.0,['42'],,ZENO
8338606098,['이원희'],"['대진유니텍주식회사', '주식회사 바론즈인터내셔널', '대한제당 주식회사', '주식회사 티에스푸드앤시스템', '주식회사 티에스센트릭', '주식회사유피테크', '주식회사 티에스건설', '주식회사티에스개발']",1995-04-26,4020000000000.0,['30'],4000000000000.0,TS
7288809715,['정태영'],['주식회사 하이업엔터테인먼트'],2021-07-02,4020000000000.0,['45'],,HIGH UP
8298101004,['유미특허법인'],['제이티비씨플러스 주식회사'],2022-01-24,4020000000000.0,['35'],,잇트 YEET
2068103702,['이만재'],['케이씨에이손해사정 주식회사'],2011-04-09,4120000000000.0,['36'],4100000000000.0,
2138601793,['구공호'],['주식회사 피봇'],2021-04-08,4020000000000.0,['35'],,APTONE
2910106288,,['주식회사 라온'],2017-09-01,4020000000000.0,"['01', '05']",4010000000000.0,알모스
7078800286,['정준모'],['주식회사 이레'],2011-05-03,4020000000000.0,['07'],4010000000000.0,이레
2210208900,"['최지연', '이명택', '정중원']",['(주)씨넷'],2020-06-30,4020000000000.0,['06'],4020000000000.0,CNET
7318601194,['이병균'],"['주식회사 모아', '김정애']",1999-09-10,4020000000000.0,['30'],4000000000000.0,피어나 PIUONA ピオナ
8618104065,['엄명용'],['주식회사 일박이일'],2020-05-28,4020000000000.0,['43'],4020000000000.0,올덴 OLDEN
8158706309,['송수연'],['(주)이타임테크'],2017-03-03,4020000000000.0,['35'],4010000000000.0,COMSIST
6978704517,,['광진개발 주식회사'],2008-10-31,5620000000000.0,['37'],,프라임 PRIME
2208107776,['유미특허법인'],['주식회사 파이진글로벌'],2018-12-18,4020000000000.0,['03'],4020000000000.0,지니코드28
4128104957,['최동만'],['남양건설(주)'],2018-07-31,4020000000000.0,['37'],4020000000000.0,NAMYANG
8468709535,,['주식회사 메타랩'],2021-08-07,4020000000000.0,"['03', '09', '25', '28']",,메타아트 METAART
2078105624,['황병도'],['디스크닥터 주식회사'],2001-11-14,4020000000000.0,['10'],,회춘 Disk Dr.
7478106349,['리앤목특허법인'],['스튜디오드래곤 주식회사'],2016-04-06,4120000000000.0,['35'],4100000000000.0,스튜디오드래곤 STUDIODRAGON
4518801169,"['김영철', '김 순 영']",['(주) 디비안'],2000-09-07,4120000000000.0,['35'],,디비안
5998105429,['배철우'],['주식회사 온누리아이코리아'],2019-09-18,4020000000000.0,['25'],4020000000000.0,더마밸런스 DermmaBalance
2068102255,['특허법인(유한) 대아'],['주식회사 지에스네트웍스'],2020-04-13,4020000000000.0,['39'],4020000000000.0,반값택배 CVSnet
3238701534,['옥창안'],['주식회사 에이브랩스'],2020-02-02,4020000000000.0,['35'],4020000000000.0,AIVE LABS
2118804067,['박지호'],['(주) 이트리얼'],2016-04-01,4020000000000.0,['03'],4010000000000.0,닥터스랩 플래티늄 호일 마스크 dR doctorslab Platinum Foil Mask
2158109953,['신관호'],['존슨콘트롤즈인터내셔널코리아 주식회사'],1994-08-08,4020000000000.0,['09'],4000000000000.0,동방전자산업주식회사
2788802442,['특허법인메이저'],['주식회사 와이낫미디어'],2019-04-12,4020000000000.0,['41'],4020000000000.0,노는 오빠
7618602917,['특허법인 아이스퀘어'],['주식회사 다온에프앤씨'],2014-12-15,4020000000000.0,['30'],,티비디너
4488808209,['유민규'],['주식회사 민팅'],2019-07-31,4020000000000.0,['29'],,연어할래요
2208105166,['손은진'],['주식회사더블유티씨'],1996-06-11,4020000000000.0,"['020', '19', '20', '31']",4000000000000.0,JUNCKERS
3208805044,['해움특허법인'],['주식회사 그린랩스'],2022-05-12,4020000000000.0,['09'],,
4218102620,['수안특허법인'],['주식회사 비지트'],2020-02-27,4020000000000.0,"['35', '42']",4020000000000.0,andregular
3808600898,,['주식회사 누리랩'],2017-05-11,4020000000000.0,['09'],4010000000000.0,nurilab
2118703736,['조현석'],['(주)필라넷'],2006-10-24,4020000000000.0,['09'],4010000000000.0,ArtFamily
7068100154,['이대선'],['유니텍 주식회사'],2011-03-15,4520000000000.0,"['07', '35']",,U UNITECH
7088109451,['최덕용'],['주식회사 다온종합건설'],2016-10-19,4020000000000.0,['37'],,다온가
8358606772,['김용주'],['주식회사 선우디앤씨'],2015-09-01,4020000000000.0,['10'],,양
4118104831,['김영철'],['주식회사뉴텍코리아'],1990-04-16,4020000000000.0,['039'],4000000000000.0,STAR-NOTE
2198109234,"['김희소', '김봉희']",['주식회사 창성인더스트리'],2005-12-09,4020000000000.0,['06'],4010000000000.0,화이어블루
8678809562,['박봉서'],['주식회사 트위니'],2021-11-08,4020000000000.0,"['12', '35', '42']",,TWINNY
2648109978,['배철우'],['한내종합건설 주식회사'],2018-12-05,4020000000000.0,['02'],,스트롱플로워
6328804286,['최영휘'],['주식회사 비바웨이브'],2020-09-11,4020000000000.0,['03'],4020000000000.0,hince signature brow pencil
3838804375,['조영록'],['주식회사 어니언스'],2020-11-05,4020000000000.0,['09'],,파프리카케어
6070106844,['강정만'],['한신기업주식회사'],2002-01-09,4020000000000.0,['12'],4010000000000.0,S
2128101690,['양영필'],['하우텍씨엔알건설 주식회사'],2020-12-23,4020000000000.0,['36'],,라펜앤
2170402252,"['김원호', '유미특허법인']",['주식회사 시공사'],2000-01-28,4020000000000.0,['16'],4000000000000.0,삼육오네트 365NET
4127607467,['이승현'],['주식회사 대창건설'],2014-10-07,4120000000000.0,['36'],,디펠리체 DEFELICE
5818700326,['리앤목특허법인'],['째깍악어 주식회사'],2018-10-17,4020000000000.0,['35'],4020000000000.0,
5877504805,,['주식회사해온'],1995-12-27,4020000000000.0,['003'],,DEAR GIRLS
4848601996,['최학현'],['주식회사 더원시스템'],2013-05-03,4020000000000.0,['30'],,아이오 카페 커피의 눈물 Dutch Coffee Premium Dutch Coffee
2208806839,['특허법인 수'],['주식회사 코노랩스'],2014-11-20,4520000000000.0,"['09', '35', '42']",,kono the assistant
4188103885,['특허법인메이저'],['(주)우진종합건설'],2015-04-24,4120000000000.0,['36'],4100000000000.0,THE CLASSIC
2618105853,"['김수경', '나영환']",['(주) 해피테크놀로지'],2017-01-25,4020000000000.0,['09'],4010000000000.0,iw
2648106313,,['(주)제이엘케이'],2019-10-29,4020000000000.0,['09'],,AIHuB
3238800826,['홍성표'],['세원이앤씨(주)'],2007-11-27,4020000000000.0,['07'],4010000000000.0,GCT
6218102092,,['(주)다우'],2015-03-31,4120000000000.0,['43'],4100000000000.0,가든하다 FRESH GRILL
7838705152,['이원희'],"['주식회사티에스개발', '대한제당 주식회사', '주식회사 바론즈인터내셔널', '대진유니텍주식회사', '주식회사 티에스건설', '주식회사 티에스푸드앤시스템', '주식회사유피테크', '주식회사 티에스센트릭']",1995-04-26,4020000000000.0,"['30', '32']",4000000000000.0,TS
2118101821,['특허법인 아이피에스'],['주식회사 아이에이치큐'],2013-09-05,4020000000000.0,['30'],,투아이즈
2118801385,['특허법인대한'],['웹뜰 주식회사'],2021-10-07,7020000000000.0,['35'],,FRFR FORETFORET FAMILY SELECT SHOP
6198803324,['조석현'],['한국디지털포렌식센터 주식회사'],2020-08-10,4020000000000.0,['35'],,한국컴플라이언스센터
8148604171,['특허법인 두성'],['(주)금원인터내셔널'],2017-08-28,4020000000000.0,['35'],,또도매
4168106436,['노장오'],['주식회사 세움건설'],2019-06-14,4020000000000.0,['36'],4020000000000.0,스카이리움 SKYRIUM
2048100098,,['주식회사재능교육'],2006-04-11,4020000000000.0,['16'],4010000000000.0,스스로넷
8778104377,['특허법인부경'],['(주)비에스알앤디'],2019-03-28,4020000000000.0,['25'],4020000000000.0,I amodaper te
8281601027,,['성지산업(주)'],2000-03-03,4020000000000.0,['29'],,코지 KOJI
4808807421,['특허법인 이노'],['(주)케이더블유북스'],2019-03-15,4020000000000.0,['28'],4020000000000.0,KW
6378703986,,['주식회사 씨앤에이아이'],2022-01-10,4020000000000.0,['42'],,CADUCEUS
2158708664,,['주식회사 에스티 솔루션'],2021-02-08,4020000000000.0,['42'],,The DaaS
4048608163,['해움특허법인'],['투썸플레이스 주식회사'],2021-09-23,4020000000000.0,['26'],,
2108108758,"['남건필', '차상윤']",['주식회사 지엠홀딩스'],2015-10-30,4020000000000.0,['03'],,아토피엑스 Atopx
5258601978,"['심찬', '강정빈', '송두현']",['주식회사 키친인더랩'],2020-06-29,4020000000000.0,"['29', '30', '43']",4020000000000.0,FROM CHEF FINE DINING ENJOY AT HOME
5148105668,['김성남'],['주식회사 엘렉시'],2016-10-31,4020000000000.0,['09'],4010000000000.0,PHILO
3908704756,,['주식회사 바이오커넥트'],2020-10-06,4020000000000.0,['09'],,iLAB Manager
6178108746,,['주식회사 지팬스'],2004-11-30,4520000000000.0,"['09', '37', '42', '45']",,CADIS
8918100430,['특허법인알피엠'],['주식회사 텐원더스'],2021-06-18,4020000000000.0,['42'],,인플루언서 메타버스
6398801889,['신무연'],['주식회사 가인지캠퍼스'],2019-09-16,4020000000000.0,['35'],4020000000000.0,가인지
6088105630,['(유)한양특허법인'],['라온건설주식회사'],2004-07-30,4120000000000.0,['37'],,RA ON
7168704026,['제일특허법인(유)'],['주식회사 위버스컴퍼니'],2021-02-24,4020000000000.0,['42'],,weverse
4988506522,['특허법인필앤온지'],['(주)한우리열린교육'],2012-10-19,4020000000000.0,['16'],4010000000000.0,한우리 대륙별 세계사 뛰어넘기
2548100754,"['최관락', '최영중', '윤형근', '송인호']",['(주)키다리이엔티'],2016-05-13,4020000000000.0,['16'],4010000000000.0,키다리이엔티 KIDARIENT
6598108589,['백영방'],['대영산업 주식회사'],1978-06-08,4020000000000.0,['038'],4000000000000.0,아트론 ARTRON
2338103045,['이오식'],['주식회사 슈퍼홀릭'],2019-04-08,4020000000000.0,['05'],4020000000000.0,THE BLAB
2171009903,['노장오'],['(주)에코아이'],2018-04-26,4020000000000.0,['36'],4010000000000.0,한국탄소금융투자 Korea Carbon Financial Investment
8108705207,"['조민정', '이대호', '박건홍']",['주식회사 모모콘'],2016-05-30,4120000000000.0,['35'],,KIPHOP
3388804213,"['김중호', '이은철']",['(주)아이디어 콘서트'],2020-04-21,4020000000000.0,['09'],4020000000000.0,KRAPE
3948706604,['특허법인올림'],['(주)플레이큐리오'],2019-02-18,4020000000000.0,['09'],4020000000000.0,Play Curio
4728601283,"['김선준', '이광연']",['(주)한국다원호간보'],2018-04-17,4020000000000.0,['35'],4010000000000.0,한국호강보
4088108061,['이원희'],"['대진유니텍주식회사', '주식회사유피테크', '주식회사 바론즈인터내셔널', '주식회사 티에스센트릭', '주식회사 티에스건설', '대한제당 주식회사', '주식회사 티에스푸드앤시스템', '주식회사티에스개발']",1995-04-26,4020000000000.0,['29'],4000000000000.0,TS
7958708472,['특허법인임앤정'],['(주)동네정미소'],2018-02-02,4020000000000.0,['30'],4010000000000.0,"동네, 정미소 미 LOCAL, JUNG MI SO"
